Dataset,Seed,N,TrainN,ValidationN,TestN,Features,TestClipFraction,Method,Time,SolverStatus,Objective,BestBound,RelativeGap,ClippedGap,SolverWallTime,TrainingPatterns,CandidateSplits,Cells,CalibTime,RSS_MB,Accuracy,Brier,ECE,FPR,FNR,Cost,AUC,viol_rate,viol_severity_mean,empirical_viol_rate,empirical_viol_severity,TrainAccuracy,States
adult_income,42,32561,20838,5210,6513,4,0.0,CART,0.0054227000073296,,,,,,,,,0,0.0,367.24609375,0.8076155381544603,0.1312730766035316,0.0024108656745241,0.1114256825075834,0.4477040816326531,1.4525365758032232,0.7956011019170054,0.0075,8.610636318708378e-05,0.0195,0.0008761075332527,0.8070352241097994,
adult_income,42,32561,20838,5210,6513,4,0.0,EMDT,2.6266198999946937,OPTIMAL,4239.0,4239.0,0.0,0.0,2.4390093,158.0,16.0,0,0.0,361.234375,0.7982496545370796,0.2017503454629203,0.2017503454629203,0.0539939332659251,0.6677295918367347,1.605428850003095,0.63913823744867,0.0,0.0,0.0,0.0,0.7965735675208753,
adult_income,42,32561,20838,5210,6513,4,0.0,EMDT-Cell,1.6851550999999745,OPTIMAL,4172.0,4172.0,0.0,0.0,1.3343061,158.0,16.0,160,0.0,393.125,0.8025487486565331,0.1974512513434669,0.1974512513434669,0.0416582406471183,0.6887755102040817,1.5858422236437548,0.6347831245744,0.0,0.0,0.0,0.0,0.7997888472982052,
adult_income,42,32561,20838,5210,6513,4,0.0,EMDT-Iso,2.629120499987039,OPTIMAL,4239.0,4239.0,0.0,0.0,2.4390093,158.0,16.0,0,0.002500599992345,361.234375,0.7982496545370796,0.158462527154198,0.000571635200876,0.0539939332659251,0.6677295918367347,1.605428850003095,0.63913823744867,0.0,0.0,0.0,0.0,0.7965735675208753,
adult_income,42,32561,20838,5210,6513,4,0.0,LGBM-Adv,0.1384624999918742,,,,,,,,,0,0.0,393.20703125,0.8277291570704745,0.1205460974473338,0.0068558084986833,0.0430738119312436,0.579719387755102,1.3748078351664224,0.8546436825488537,0.0,0.0,0.0,0.0,0.8235915155005279,
adult_income,42,32561,20838,5210,6513,4,0.0,LGBM-Mono,0.1435368999955244,,,,,,,,,0,0.0,393.203125,0.8281897742975587,0.1205622672411295,0.0059455983997918,0.0420626895854398,0.5809948979591837,1.3723032438455665,0.8547503404799736,0.0,0.0,0.0,0.0,0.8236395047509358,
adult_income,42,32561,20838,5210,6513,4,0.0,MonoRF,0.9686148000037064,,,,,,,,,0,0.0,393.14453125,0.815599570090588,0.131106430776961,0.0465816708829726,0.0230535894843276,0.6932397959183674,1.5017475392583728,0.8344010518767668,0.0,0.0,0.0,0.0,0.8155293214319992,
adult_income,42,32561,20838,5210,6513,4,0.0,MonoScore,0.0126629000005777,,,,,,,,,0,0.0,393.20703125,0.7927222478120681,0.1422313836067771,0.0399188687919814,0.035793731041456,0.7480867346938775,1.675142124595035,0.8117122531520191,0.0,0.0,0.0,0.0,0.7911987714751896,
adult_income,42,32561,20838,5210,6513,4,0.0,MonoXGB1,0.0070869000046513,,,,,,,,,0,0.0,393.14453125,0.8108398587440504,0.1355027705430984,0.0400539187392148,0.1001011122345803,0.4700255102040816,1.440556581581065,0.7845233151400095,0.0,0.0,0.0,0.0,0.8107783856416163,
adult_income,42,32561,20838,5210,6513,4,0.0,ODT,2.2505560999998124,OPTIMAL,4165.0,4165.0,0.0,0.0,1.9930062,158.0,16.0,0,0.0,379.734375,0.8028558268079227,0.1971441731920774,0.1971441731920774,0.0430738119312436,0.6830357142857143,1.581440488227647,0.6369452368915209,0.0015,0.0015,0.0,0.0,0.8001247720510606,
adult_income,42,32561,20838,5210,6513,4,0.0,XGB-Mono,0.2962558999861358,,,,,,,,,0,0.0,393.15625,0.8275756179947796,0.1203587800264358,0.0075734608380291,0.0430738119312436,0.5803571428571429,1.376083345370504,0.8553708781288045,0.0,0.0,0.0,0.0,0.8233995584988962,
adult_income,43,32561,20838,5210,6513,4,0.0,CART,0.0056365000054938,,,,,,,,,0,0.0,363.74609375,0.8027022877322278,0.1317154543179229,0.0072078587580927,0.1189079878665318,0.444515306122449,1.4835705515775572,0.799154345762572,0.0065,0.0001976063753684,0.0075,0.0011087870549676,0.8053076110951147,
adult_income,43,32561,20838,5210,6513,4,0.0,EMDT,2.079152899998008,OPTIMAL,4226.0,4226.0,0.0,0.0,1.8867962,158.0,16.0,0,0.0,380.95703125,0.7990173499155535,0.2009826500844465,0.2009826500844465,0.055005055611729,0.6613520408163265,1.597729359691298,0.6418214517859723,0.0,0.0,0.0,0.0,0.7971974277761782,
adult_income,43,32561,20838,5210,6513,4,0.0,EMDT-Cell,1.6812347999948545,OPTIMAL,4153.0,4153.0,0.0,0.0,1.3407771000000002,158.0,16.0,160,0.0,365.13671875,0.8014739751266697,0.1985260248733302,0.1985260248733302,0.0455005055611729,0.6811224489795918,1.589747425765048,0.6366885227296176,0.0,0.0,0.0,0.0,0.8007006430559555,
adult_income,43,32561,20838,5210,6513,4,0.0,EMDT-Iso,2.081664900004398,OPTIMAL,4226.0,4226.0,0.0,0.0,1.8867962,158.0,16.0,0,0.0025120000063907,380.95703125,0.7990173499155535,0.1579621470860205,0.0064428042501358,0.055005055611729,0.6613520408163265,1.597729359691298,0.6418214517859723,0.0,0.0,0.0,0.0,0.7971974277761782,
adult_income,43,32561,20838,5210,6513,4,0.0,LGBM-Adv,0.1312300999998115,,,,,,,,,0,0.0,370.94140625,0.8272685398433901,0.1222010500247872,0.0122602967344448,0.0455005055611729,0.5739795918367347,1.375461711479334,0.8486500742865397,0.0,0.0,0.0,0.0,0.8254630962664363,
adult_income,43,32561,20838,5210,6513,4,0.0,LGBM-Mono,0.1501377999957185,,,,,,,,,0,0.0,370.9140625,0.826654383540611,0.1223758677107624,0.0102688706768162,0.0552072800808897,0.5459183673469388,1.3678731350983264,0.8485102711458699,0.0,0.0,0.0,0.0,0.8247432575103177,
adult_income,43,32561,20838,5210,6513,4,0.0,MonoRF,0.9450623999873642,,,,,,,,,0,0.0,368.58984375,0.816981421771841,0.1313976445102767,0.0458398713207777,0.0210313447927199,0.6938775510204082,1.492911826004416,0.8326515780730896,0.0,0.0,0.0,0.0,0.8134177944140513,
adult_income,43,32561,20838,5210,6513,4,0.0,MonoScore,0.0153311000030953,,,,,,,,,0,0.0,370.953125,0.7913403961308153,0.1423594813843978,0.0338135040564555,0.039231547017189,0.7429846938775511,1.6821271228410477,0.807051417634799,0.0,0.0,0.0,0.0,0.7924464919857952,
adult_income,43,32561,20838,5210,6513,4,0.0,MonoXGB1,0.0180139000003691,,,,,,,,,0,0.0,368.08984375,0.8074619990787656,0.13552987575531,0.0376974133353948,0.1053589484327603,0.4674744897959184,1.4617437217556386,0.7894449273642723,0.0,0.0,0.0,0.0,0.8096746328822344,
adult_income,43,32561,20838,5210,6513,4,0.0,ODT,2.046981899999082,OPTIMAL,4131.0,4131.0,0.0,0.0,1.7938727,158.0,16.0,0,0.0,376.6484375,0.8019345923537541,0.1980654076462459,0.1980654076462459,0.0487360970677452,0.6690051020408163,1.5816906894203586,0.6411294004457192,0.002,0.002,0.0,0.0,0.8017564065649294,
adult_income,43,32561,20838,5210,6513,4,0.0,XGB-Mono,0.3055166999984067,,,,,,,,,0,0.0,369.87109375,0.8265008444649163,0.1225161999464035,0.0099818425581192,0.0548028311425682,0.5478316326530612,1.3696774210189635,0.8483293266750583,0.0,0.0,0.0,0.0,0.8247912467607256,
adult_income,44,32561,20838,5210,6513,4,0.0,CART,0.0057290000113425,,,,,,,,,0,0.0,360.69921875,0.8063872255489022,0.1308868351350488,0.0064918075752259,0.0016177957532861,0.7991071428571429,1.6063032644807165,0.8003149439755679,0.0055,0.000117904583248,0.003,0.0001063438896064,0.8031001055763509,
adult_income,44,32561,20838,5210,6513,4,0.0,EMDT,2.598690800004988,OPTIMAL,4249.0,4249.0,0.0,0.0,2.4063533,159.0,16.0,0,0.0,376.8359375,0.8019345923537541,0.1980654076462459,0.1980654076462459,0.0511627906976744,0.6613520408163265,1.578518035121025,0.6437425842429996,0.0,0.0,0.0,0.0,0.7960936750167963,
adult_income,44,32561,20838,5210,6513,4,0.0,EMDT-Cell,1.757744200003799,OPTIMAL,4180.0,4180.0,0.0,0.0,1.3935954000000002,159.0,16.0,160,0.0,394.18359375,0.8017810532780593,0.1982189467219407,0.1982189467219407,0.0436804853387259,0.6855867346938775,1.589575896081385,0.6353663899836982,0.0,0.0,0.0,0.0,0.7994049332949419,
adult_income,44,32561,20838,5210,6513,4,0.0,EMDT-Iso,2.601470199995674,OPTIMAL,4249.0,4249.0,0.0,0.0,2.4063533,159.0,16.0,0,0.0027793999906862,376.8359375,0.8019345923537541,0.1568022376549587,0.0078829115955625,0.0511627906976744,0.6613520408163265,1.578518035121025,0.6437425842429996,0.0,0.0,0.0,0.0,0.7960936750167963,
adult_income,44,32561,20838,5210,6513,4,0.0,LGBM-Adv,0.1406150999973761,,,,,,,,,0,0.0,394.20703125,0.8240442192538001,0.1222830723150572,0.0082585860734923,0.0455005055611729,0.5873724489795918,1.402247425765048,0.8510652251294855,0.0,0.0,0.0,0.0,0.8229676552452251,
adult_income,44,32561,20838,5210,6513,4,0.0,LGBM-Mono,0.1561365999950794,,,,,,,,,0,0.0,394.20703125,0.8258866881621373,0.1220094157471311,0.0139543846891529,0.0436804853387259,0.5854591836734694,1.3893207940405687,0.851666288355585,0.0,0.0,0.0,0.0,0.8221998272386986,
adult_income,44,32561,20838,5210,6513,4,0.0,MonoRF,0.9342308999912348,,,,,,,,,0,0.0,394.19140625,0.8162137263933671,0.130870490285477,0.0531203141376241,0.0230535894843276,0.6906887755102041,1.4966454984420463,0.8370591816099544,0.0,0.0,0.0,0.0,0.8150494289279201,
adult_income,44,32561,20838,5210,6513,4,0.0,MonoScore,0.0160239999968325,,,,,,,,,0,0.0,394.20703125,0.7893443881467833,0.1420549733679442,0.0433909868093368,0.0394337714863498,0.7506377551020408,1.6984443676358307,0.8125876993871359,0.0,0.0,0.0,0.0,0.7912947499760054,
adult_income,44,32561,20838,5210,6513,4,0.0,MonoXGB1,0.0085287999972933,,,,,,,,,0,0.0,394.18359375,0.8136035621065562,0.1338045448064804,0.0395293286341631,0.0996966632962588,0.4598214285714285,1.4181261736241513,0.7935274628051422,0.0,0.0,0.0,0.0,0.8081869661195892,
adult_income,44,32561,20838,5210,6513,4,0.0,ODT,2.847366699992562,OPTIMAL,4164.0,4164.0,0.0,0.0,2.648095,159.0,16.0,0,0.0,355.79296875,0.8020881314294488,0.1979118685705512,0.1979118685705512,0.0465116279069767,0.6753826530612245,1.5833234456573326,0.6390528595158993,0.0025,0.0025,0.0005,0.0005,0.8001727613014684,
adult_income,44,32561,20838,5210,6513,4,0.0,XGB-Mono,0.2980889000027673,,,,,,,,,0,0.0,394.19921875,0.8257331490864425,0.1220391616225242,0.0097423194825332,0.0450960566228513,0.5816326530612245,1.3887455892367058,0.8517419935618332,0.0,0.0,0.0,0.0,0.8220078702370669,
adult_income,45,32561,20838,5210,6513,4,0.0,CART,0.0052413000084925,,,,,,,,,0,0.0,360.890625,0.8080761553815446,0.1298182202805555,0.0031353442793922,0.1150657229524772,0.4343112244897959,1.443951063741978,0.8002248586492231,0.0045,0.0001594836862537,0.024,0.001173922092405,0.8040598905845091,
adult_income,45,32561,20838,5210,6513,4,0.0,EMDT,2.072001699998509,OPTIMAL,4253.0,4253.0,0.0,0.0,1.8658764,158.0,16.0,0,0.0,357.70703125,0.7999385843697221,0.2000614156302779,0.2000614156302779,0.055813953488372,0.6549744897959183,1.5890187470336972,0.6446057783578547,0.0,0.0,0.0,0.0,0.7959017180151646,
adult_income,45,32561,20838,5210,6513,4,0.0,EMDT-Cell,1.7204530000017255,OPTIMAL,4174.0,4174.0,0.0,0.0,1.3593201,158.0,16.0,160,0.0,391.6796875,0.8027022877322278,0.1972977122677721,0.1972977122677721,0.0455005055611729,0.6760204081632653,1.579543344132395,0.639239543137781,0.0,0.0,0.0,0.0,0.7996928687973894,
adult_income,45,32561,20838,5210,6513,4,0.0,EMDT-Iso,2.075524700005189,OPTIMAL,4253.0,4253.0,0.0,0.0,1.8658764,158.0,16.0,0,0.0035230000066803,357.70703125,0.7999385843697221,0.1573329104720582,0.004256357241324,0.055813953488372,0.6549744897959183,1.5890187470336972,0.6446057783578547,0.0,0.0,0.0,0.0,0.7959017180151646,
adult_income,45,32561,20838,5210,6513,4,0.0,LGBM-Adv,0.1356666000065161,,,,,,,,,0,0.0,391.76953125,0.8263473053892215,0.1209144643472034,0.0066505164576525,0.044489383215369,0.5809948979591837,1.3844367119952126,0.8545062653473927,0.0,0.0,0.0,0.0,0.8243593435070544,
adult_income,45,32561,20838,5210,6513,4,0.0,LGBM-Mono,0.1508372999960556,,,,,,,,,0,0.0,391.765625,0.8261937663135268,0.1209146279259346,0.0103325698250259,0.0448938321536906,0.5803571428571429,1.3851834464827388,0.8546512917603847,0.0,0.0,0.0,0.0,0.8238794510029753,
adult_income,45,32561,20838,5210,6513,4,0.0,MonoRF,0.9748790999874472,,,,,,,,,0,0.0,391.7109375,0.8186703516044833,0.1292884098043421,0.0492203261004078,0.0230535894843276,0.6804846938775511,1.4762373351767402,0.8376519907760881,0.0,0.0,0.0,0.0,0.8146655149246569,
adult_income,45,32561,20838,5210,6513,4,0.0,MonoScore,0.0136339000018779,,,,,,,,,0,0.0,391.7734375,0.7931828650391525,0.1427270309299248,0.0351571364879506,0.0359959555106167,0.7455357142857143,1.6710512061245126,0.807398281607891,0.0,0.0,0.0,0.0,0.7919665994817161,
adult_income,45,32561,20838,5210,6513,4,0.0,MonoXGB1,0.0089099000033456,,,,,,,,,0,0.0,391.70703125,0.8126823276523876,0.1335355043411255,0.0389105827920396,0.1009100101112234,0.4598214285714285,1.4241929076989743,0.7907738310187573,0.0,0.0,0.0,0.0,0.807755062865918,
adult_income,45,32561,20838,5210,6513,4,0.0,ODT,2.238312200002838,OPTIMAL,4174.0,4174.0,0.0,0.0,2.0657709,158.0,16.0,0,0.0,372.6875,0.8027022877322278,0.1972977122677721,0.1972977122677721,0.0455005055611729,0.6760204081632653,1.579543344132395,0.639239543137781,0.0,0.0,0.0,0.0,0.7996928687973894,
adult_income,45,32561,20838,5210,6513,4,0.0,XGB-Mono,0.3066379999945638,,,,,,,,,0,0.0,391.7421875,0.8257331490864425,0.12101711332798,0.0103965136087149,0.0446916076845298,0.5829081632653061,1.3892743649532615,0.8545761669177276,0.0,0.0,0.0,0.0,0.8234955369997121,
adult_income,46,32561,20838,5210,6513,4,0.0,CART,0.0067298999929334,,,,,,,,,0,0.0,362.21875,0.8134500230308613,0.1309529726165863,0.008617576823626,0.0992922143579373,0.461734693877551,1.4199304595447886,0.7958709065021357,0.004,3.5049288061336445e-05,0.0015,0.0001415343939094,0.8086668586236683,
adult_income,46,32561,20838,5210,6513,4,0.0,EMDT,2.8687681000010343,OPTIMAL,4249.0,4249.0,0.0,0.0,2.6617351,158.0,16.0,0,0.0,359.00390625,0.8022416705051436,0.1977583294948564,0.1977583294948564,0.0529828109201213,0.6543367346938775,1.573587523988362,0.6463402271930004,0.0,0.0,0.0,0.0,0.7960936750167963,
adult_income,46,32561,20838,5210,6513,4,0.0,EMDT-Cell,1.728133099997649,OPTIMAL,4177.0,4177.0,0.0,0.0,1.3843327,158.0,16.0,160,0.0,367.83203125,0.8037770612620913,0.1962229387379088,0.1962229387379088,0.0426693629929221,0.6804846938775511,1.5743162027197128,0.6384229715647635,0.0,0.0,0.0,0.0,0.7995489010461656,
adult_income,46,32561,20838,5210,6513,4,0.0,EMDT-Iso,2.8724378000042634,OPTIMAL,4249.0,4249.0,0.0,0.0,2.6617351,158.0,16.0,0,0.003669700003229,359.00390625,0.8022416705051436,0.1564366967381061,0.0096603042575698,0.0529828109201213,0.6543367346938775,1.573587523988362,0.6463402271930004,0.0,0.0,0.0,0.0,0.7960936750167963,
adult_income,46,32561,20838,5210,6513,4,0.0,LGBM-Adv,0.1351066000061109,,,,,,,,,0,0.0,374.25,0.8303393213572854,0.1205348938760164,0.0061645265866103,0.0408493427704752,0.5758928571428571,1.3560324281380902,0.8536294004457192,0.0,0.0,0.0,0.0,0.8236874940013437,
adult_income,46,32561,20838,5210,6513,4,0.0,LGBM-Mono,0.1464664999948581,,,,,,,,,0,0.0,374.22265625,0.8301857822815907,0.1204372848729675,0.0065972180159122,0.0402426693629929,0.5784438775510204,1.3581011019170055,0.8539881941148553,0.0,0.0,0.0,0.0,0.8229196659948171,
adult_income,46,32561,20838,5210,6513,4,0.0,MonoRF,1.0678643999999622,,,,,,,,,0,0.0,371.53125,0.8183632734530938,0.1304671003995537,0.0485468966929227,0.0208291203235591,0.6887755102040817,1.481696622025959,0.8382925187263985,0.0,0.0,0.0,0.0,0.8148574719262885,
adult_income,46,32561,20838,5210,6513,4,0.0,MonoScore,0.0151774999976623,,,,,,,,,0,0.0,374.25,0.7950253339474896,0.1408043921237566,0.0456813342390556,0.030535894843276,0.7551020408163265,1.6628835558490331,0.8159422009450898,0.0,0.0,0.0,0.0,0.7905269219694788,
adult_income,46,32561,20838,5210,6513,4,0.0,MonoXGB1,0.0090466999972704,,,,,,,,,0,0.0,370.98828125,0.8119146322739137,0.1337535083293914,0.0356976649654308,0.102123356926188,0.4591836734693877,1.4289841315697158,0.7937036998823795,0.0,0.0,0.0,0.0,0.8071312026106152,
adult_income,46,32561,20838,5210,6513,4,0.0,ODT,2.318983200006187,OPTIMAL,4164.0,4164.0,0.0,0.0,2.1125834,158.0,16.0,0,0.0,376.2578125,0.8050053738676494,0.1949946261323507,0.1949946261323507,0.0455005055611729,0.6664540816326531,1.5604106910711706,0.644022706403087,0.0015,0.0015,0.0005,0.0005,0.8001727613014684,
adult_income,46,32561,20838,5210,6513,4,0.0,XGB-Mono,0.300451899995096,,,,,,,,,0,0.0,372.91015625,0.8294180869031168,0.1203001365065574,0.0079071293269096,0.0406471183013144,0.5803571428571429,1.363949877220858,0.85435511287427,0.0,0.0,0.0,0.0,0.8222478164891064,
adult_income,47,32561,20838,5210,6513,4,0.0,CART,0.0063936000078683,,,,,,,,,0,0.0,360.9765625,0.8085367726086289,0.1307875294124064,0.0061153444223063,0.1166835187057633,0.4272959183673469,1.4380094302635107,0.7965264594209777,0.003,0.0004177161862527,0.0,0.0,0.8099145791342739,
adult_income,47,32561,20838,5210,6513,4,0.0,EMDT,1.9765160999959333,OPTIMAL,4253.0,4253.0,0.0,0.0,1.7748203,159.0,16.0,0,0.0,358.71484375,0.7964071856287425,0.2035928143712574,0.2035928143712574,0.0560161779575328,0.6690051020408163,1.618091093869297,0.6374893600008253,0.0,0.0,0.0,0.0,0.7959017180151646,
adult_income,47,32561,20838,5210,6513,4,0.0,EMDT-Cell,1.7539509999915026,OPTIMAL,4175.0,4175.0,0.0,0.0,1.4046612,159.0,16.0,160,0.0,393.26953125,0.799324428066943,0.2006755719330569,0.200675571933057,0.0438827098078867,0.6951530612244898,1.6097196714884134,0.6304821144838116,0.0,0.0,0.0,0.0,0.7996448795469815,
adult_income,47,32561,20838,5210,6513,4,0.0,EMDT-Iso,1.9792918999883116,OPTIMAL,4253.0,4253.0,0.0,0.0,1.7748203,159.0,16.0,0,0.0027757999923778,358.71484375,0.7964071856287425,0.159324852647233,0.0061775434990984,0.0560161779575328,0.6690051020408163,1.618091093869297,0.6374893600008253,0.0,0.0,0.0,0.0,0.7959017180151646,
adult_income,47,32561,20838,5210,6513,4,0.0,LGBM-Adv,0.1388158000045223,,,,,,,,,0,0.0,393.43359375,0.826040227237832,0.1222779998661588,0.0059794183484874,0.0537917087967644,0.5529336734693877,1.3748258909225974,0.8487095293122304,0.0,0.0,0.0,0.0,0.8257990210192917,
adult_income,47,32561,20838,5210,6513,4,0.0,LGBM-Mono,0.1570403999940026,,,,,,,,,0,0.0,393.43359375,0.8257331490864425,0.1222906673955974,0.0051700694001026,0.0505561172901921,0.5644132653061225,1.3816071170632056,0.8488382410598213,0.0,0.0,0.0,0.0,0.8248872252615415,
adult_income,47,32561,20838,5210,6513,4,0.0,MonoRF,0.9780242000124416,,,,,,,,,0,0.0,393.30078125,0.814985413787809,0.1317201038497821,0.0502536836128718,0.0202224469160768,0.704719387755102,1.5105510100905883,0.8318493866201688,0.0,0.0,0.0,0.0,0.8159612246856704,
adult_income,47,32561,20838,5210,6513,4,0.0,MonoScore,0.0178107999963685,,,,,,,,,0,0.0,393.4375,0.7924151696606786,0.1424668774118757,0.0369106284443962,0.0361981799797775,0.7480867346938775,1.677164369286643,0.8083076468706795,0.0,0.0,0.0,0.0,0.7908148574719263,
adult_income,47,32561,20838,5210,6513,4,0.0,MonoXGB1,0.0084983999986434,,,,,,,,,0,0.0,393.30078125,0.8113004759711346,0.1345746964216232,0.0428300734998882,0.1063700707785642,0.4483418367346938,1.428534027362209,0.7886266791853244,0.0,0.0,0.0,0.0,0.8114982243977349,
adult_income,47,32561,20838,5210,6513,4,0.0,ODT,2.016198400000576,OPTIMAL,4160.0,4160.0,0.0,0.0,1.8368892,159.0,16.0,0,0.0,375.46484375,0.7999385843697221,0.2000614156302779,0.2000614156302779,0.0469160768452982,0.6830357142857143,1.60065181279792,0.6350241044344936,0.0005,0.0005,0.0005,0.0005,0.8003647183031001,
adult_income,47,32561,20838,5210,6513,4,0.0,XGB-Mono,0.2954870999965351,,,,,,,,,0,0.0,393.39453125,0.8258866881621373,0.1222548708319664,0.0057506044473188,0.0414560161779575,0.5924744897959183,1.3922290604816243,0.848959988444316,0.0,0.0,0.0,0.0,0.8243113542566465,
adult_income,48,32561,20838,5210,6513,4,0.0,CART,0.005123499999172,,,,,,,,,0,0.0,365.11328125,0.8020881314294488,0.1328833576527514,0.0113124333717802,0.1227502527805864,0.4349489795918367,1.483649223086606,0.7953327159984318,0.4255,0.0199807832940602,0.014,0.000703002777215,0.8058834821000096,
adult_income,48,32561,20838,5210,6513,4,0.0,EMDT,1.8848251000017624,OPTIMAL,4222.0,4222.0,0.0,0.0,1.6838139,159.0,16.0,0,0.0,356.05078125,0.7991708889912482,0.2008291110087517,0.2008291110087517,0.0541961577350859,0.6632653061224489,1.5975114009203275,0.6412692680712325,0.0,0.0,0.0,0.0,0.7973893847778097,
adult_income,48,32561,20838,5210,6513,4,0.0,EMDT-Cell,1.675488900000346,OPTIMAL,4160.0,4160.0,0.0,0.0,1.3311458,159.0,16.0,160,0.0,362.75390625,0.8028558268079227,0.1971441731920774,0.1971441731920774,0.0457027300303336,0.6747448979591837,1.5780034460700358,0.6397761860052413,0.0,0.0,0.0,0.0,0.8003647183031001,
adult_income,48,32561,20838,5210,6513,4,0.0,EMDT-Iso,1.887862599993241,OPTIMAL,4222.0,4222.0,0.0,0.0,1.6838139,159.0,16.0,0,0.0030374999914783,356.05078125,0.7991708889912482,0.1579917893456756,0.0070326824528864,0.0541961577350859,0.6632653061224489,1.5975114009203275,0.6412692680712325,0.0,0.0,0.0,0.0,0.7973893847778097,
adult_income,48,32561,20838,5210,6513,4,0.0,LGBM-Adv,0.1467251000140095,,,,,,,,,0,0.0,370.4140625,0.8254260709350529,0.1221257865614025,0.0109221535586585,0.0624873609706774,0.5280612244897959,1.368559253832979,0.8498549091021645,0.0,0.0,0.0,0.0,0.8257990210192917,
adult_income,48,32561,20838,5210,6513,4,0.0,LGBM-Mono,0.1493757999996887,,,,,,,,,0,0.0,370.3828125,0.8258866881621373,0.1220370357438672,0.008885361581257,0.0588473205257836,0.5376275510204082,1.3694917046697344,0.84990333721962,0.0,0.0,0.0,0.0,0.825655053268068,
adult_income,48,32561,20838,5210,6513,4,0.0,MonoRF,0.9482703999965452,,,,,,,,,0,0.0,366.34765625,0.8148318747121143,0.1312581824378284,0.0530343427950491,0.0222446916076845,0.6989795918367347,1.509182641711892,0.8347577820309113,0.0,0.0,0.0,0.0,0.8146655149246569,
adult_income,48,32561,20838,5210,6513,4,0.0,MonoScore,0.0199469000071985,,,,,,,,,0,0.0,370.43359375,0.7916474742822048,0.1423306199346453,0.0399255844115555,0.0370070778564206,0.7487244897959183,1.6824843688739397,0.8115916020098636,0.0,0.0,0.0,0.0,0.7919665994817161,
adult_income,48,32561,20838,5210,6513,4,0.0,MonoXGB1,0.0075321000040275,,,,,,,,,0,0.0,366.28515625,0.8062336864732075,0.1356851160526275,0.0452700756889471,0.1112234580384226,0.4540816326530612,1.4642805554982357,0.7912819715853986,0.0,0.0,0.0,0.0,0.8092907188789711,
adult_income,48,32561,20838,5210,6513,4,0.0,ODT,2.1712011999916285,OPTIMAL,4142.0,4142.0,0.0,0.0,1.9296855,159.0,16.0,0,0.0,376.91015625,0.8033164440350069,0.1966835559649931,0.1966835559649931,0.0509605662285136,0.65625,1.5673028311425683,0.6463947168857432,0.002,0.002,0.0005,0.0005,0.8012285248104425,
adult_income,48,32561,20838,5210,6513,4,0.0,XGB-Mono,0.2999029000056907,,,,,,,,,0,0.0,368.3671875,0.8275756179947796,0.1220700442790985,0.0116890632368109,0.047118301314459,0.5676020408163265,1.3707955882049483,0.8499825246074162,0.0,0.0,0.0,0.0,0.8248392360111335,
adult_income,49,32561,20838,5210,6513,4,0.0,CART,0.0056525999971199,,,,,,,,,0,0.0,361.95703125,0.8079226163058498,0.1311538704975648,0.0095512559913875,0.1191102123356926,0.4221938775510204,1.4399388167805038,0.7992285033325768,0.0005,4.734728241366937e-05,0.007,0.0003722989265142,0.8032440733275746,
adult_income,49,32561,20838,5210,6513,4,0.0,EMDT,2.234782700004871,OPTIMAL,4208.0,4208.0,0.0,0.0,2.0324673,158.0,16.0,0,0.0,380.1875,0.796714263780132,0.2032857362198679,0.2032857362198679,0.055005055611729,0.6709183673469388,1.6168620127525226,0.6370382885206661,0.0,0.0,0.0,0.0,0.7980612342835205,
adult_income,49,32561,20838,5210,6513,4,0.0,EMDT-Cell,1.6515248000068825,OPTIMAL,4143.0,4143.0,0.0,0.0,1.3322998,158.0,16.0,160,0.0,394.19921875,0.8033164440350069,0.1966835559649931,0.1966835559649931,0.0416582406471183,0.6855867346938775,1.5794646726233466,0.636377512329502,0.0,0.0,0.0,0.0,0.8011805355600345,
adult_income,49,32561,20838,5210,6513,4,0.0,EMDT-Iso,2.2374341000104323,OPTIMAL,4208.0,4208.0,0.0,0.0,2.0324673,158.0,16.0,0,0.0026514000055612,380.1875,0.796714263780132,0.1592260575127063,0.0025336584583422,0.055005055611729,0.6709183673469388,1.6168620127525226,0.6370382885206661,0.0,0.0,0.0,0.0,0.7980612342835205,
adult_income,49,32561,20838,5210,6513,4,0.0,LGBM-Adv,0.1415735999908065,,,,,,,,,0,0.0,394.22265625,0.8255796100107478,0.1218823423452031,0.0088293743127742,0.0477249747219413,0.5739795918367347,1.3865840572831762,0.8515845860588926,0.0,0.0,0.0,0.0,0.8235915155005279,
adult_income,49,32561,20838,5210,6513,4,0.0,LGBM-Mono,0.1453425999934552,,,,,,,,,0,0.0,394.22265625,0.8269614616920006,0.1220651858287614,0.008426376893628,0.0457027300303336,0.5746173469387755,1.3777483440292193,0.8508865376281958,0.0,0.0,0.0,0.0,0.8227756982435934,
adult_income,49,32561,20838,5210,6513,4,0.0,MonoRF,1.0229502999864053,,,,,,,,,0,0.0,394.21484375,0.8134500230308613,0.1311008258800376,0.0500739482065062,0.0206268958543983,0.7098214285714286,1.5227773364148491,0.8347828021501827,0.0,0.0,0.0,0.0,0.8128899126595642,
adult_income,49,32561,20838,5210,6513,4,0.0,MonoScore,0.0138238000072306,,,,,,,,,0,0.0,394.22265625,0.7944111776447106,0.1421345275929101,0.0375125992506853,0.0353892821031344,0.7423469387755102,1.6616402880666927,0.8101312137595179,0.0,0.0,0.0,0.0,0.7904789327190709,
adult_income,49,32561,20838,5210,6513,4,0.0,MonoXGB1,0.0071496000018669,,,,,,,,,0,0.0,394.2109375,0.8109933978197451,0.135008618235588,0.0395773496062968,0.0998988877654196,0.4700255102040816,1.4395454592352612,0.7906428623016446,0.0,0.0,0.0,0.0,0.809386697379787,
adult_income,49,32561,20838,5210,6513,4,0.0,ODT,1.9890995000023397,OPTIMAL,4134.0,4134.0,0.0,0.0,1.8042922,158.0,16.0,0,0.0,376.51953125,0.8036235221863964,0.1963764778136035,0.1963764778136035,0.0436804853387259,0.6779336734693877,1.5742697736324054,0.6391929205959431,0.0015,0.0015,0.0,0.0,0.8016124388137057,
adult_income,49,32561,20838,5210,6513,4,0.0,XGB-Mono,0.3025389000104042,,,,,,,,,0,0.0,394.21484375,0.826654383540611,0.1218936815857887,0.0092265500706224,0.0459049544994944,0.5752551020408163,1.380034976579105,0.8513357390478942,0.0,0.0,0.0,0.0,0.8231116229964488,
adult_income,50,32561,20838,5210,6513,4,0.0,CART,0.0063980999984778,,,,,,,,,0,0.0,364.18359375,0.797328420082911,0.1343743027833406,0.0136304178333679,0.1253791708796764,0.4464285714285714,1.519752997255525,0.7871421736035163,0.391,0.0245625327576309,0.0205,0.0009751661756611,0.8086668586236683,
adult_income,50,32561,20838,5210,6513,4,0.0,EMDT,2.2938633000012487,OPTIMAL,4214.0,4214.0,0.0,0.0,2.1071365,159.0,16.0,0,0.0,378.00390625,0.7941040994933211,0.2058959005066789,0.2058959005066789,0.0594539939332659,0.6677295918367347,1.6327291533397992,0.6364082071149997,0.0,0.0,0.0,0.0,0.7977732987810731,
adult_income,50,32561,20838,5210,6513,4,0.0,EMDT-Cell,1.742189699987648,OPTIMAL,4132.0,4132.0,0.0,0.0,1.3750566000000002,159.0,16.0,160,0.0,364.17578125,0.7974819591586059,0.2025180408413941,0.2025180408413941,0.0487360970677452,0.6875,1.618680485338726,0.6318819514661274,0.0,0.0,0.0,0.0,0.8017084173145216,
adult_income,50,32561,20838,5210,6513,4,0.0,EMDT-Iso,2.297046499996213,OPTIMAL,4214.0,4214.0,0.0,0.0,2.1071365,159.0,16.0,0,0.0031831999949645,378.00390625,0.7941040994933211,0.1601267505530244,0.003182859303651,0.0594539939332659,0.6677295918367347,1.6327291533397992,0.6364082071149997,0.0,0.0,0.0,0.0,0.7977732987810731,
adult_income,50,32561,20838,5210,6513,4,0.0,LGBM-Adv,0.1307380000071134,,,,,,,,,0,0.0,372.66796875,0.8237371411024106,0.1224305759402775,0.0113239004288328,0.0487360970677452,0.5784438775510204,1.4005682404407669,0.8478610377416892,0.0,0.0,0.0,0.0,0.824071408004607,
adult_income,50,32561,20838,5210,6513,4,0.0,LGBM-Mono,0.1556577000010293,,,,,,,,,0,0.0,372.6484375,0.8218946721940734,0.122429999446403,0.0114521273439867,0.0624873609706774,0.5427295918367347,1.3978959885268567,0.848101372753348,0.0,0.0,0.0,0.0,0.8243593435070544,
adult_income,50,32561,20838,5210,6513,4,0.0,MonoRF,0.940313300001435,,,,,,,,,0,0.0,369.49609375,0.8183632734530938,0.1318343416672909,0.0439143291163423,0.0240647118301314,0.6785714285714286,1.4774664162935145,0.8290851148346093,0.0,0.0,0.0,0.0,0.8150494289279201,
adult_income,50,32561,20838,5210,6513,4,0.0,MonoScore,0.016445700006443,,,,,,,,,0,0.0,372.6875,0.7878089973898357,0.1442436242542872,0.0286166377358384,0.0424671385237613,0.7474489795918368,1.7072336518024804,0.8001465095643919,0.0,0.0,0.0,0.0,0.7924464919857952,
adult_income,50,32561,20838,5210,6513,4,0.0,MonoXGB1,0.009101500007091,,,,,,,,,0,0.0,368.16015625,0.8023952095808383,0.137765496969223,0.0463900516613569,0.1154701718907987,0.4566326530612244,1.490616165576443,0.782059284785704,0.0,0.0,0.0,0.0,0.8122180631538536,
adult_income,50,32561,20838,5210,6513,4,0.0,ODT,2.117487899988191,OPTIMAL,4129.0,4129.0,0.0,0.0,1.9331166,159.0,16.0,0,0.0,356.0859375,0.7977890373099954,0.2022109626900046,0.2022109626900046,0.0521739130434782,0.6753826530612245,1.6116348713398403,0.6362217169476485,0.0015,0.0015,0.0,0.0,0.8018523850657453,
adult_income,50,32561,20838,5210,6513,4,0.0,XGB-Mono,0.3044812000007368,,,,,,,,,0,0.0,371.375,0.8243512974051896,0.1223941594362258,0.0105032647849639,0.0477249747219413,0.5790816326530612,1.3967881389158292,0.847775853263449,0.0,0.0,0.0,0.0,0.8245513005086861,
adult_income,51,32561,20838,5210,6513,4,0.0,CART,0.0054085000010672,,,,,,,,,0,0.0,359.81640625,0.8028558268079227,0.1350114511000879,0.00649852112809,0.1118301314459049,0.4661989795918367,1.491548616413198,0.7889810878851036,0.0465,0.000354961832061,0.0075,0.0002676649928263,0.8056915250983779,
adult_income,51,32561,20838,5210,6513,4,0.0,EMDT,2.061120700003812,OPTIMAL,4202.0,4202.0,0.0,0.0,1.8681041,159.0,16.0,0,0.0,357.78515625,0.7962536465530478,0.2037463534469522,0.2037463534469522,0.0594539939332659,0.6588010204081632,1.6148720104826562,0.6408724928292855,0.0,0.0,0.0,0.0,0.7983491697859679,
adult_income,51,32561,20838,5210,6513,4,0.0,EMDT-Cell,1.934416699994472,OPTIMAL,4154.0,4154.0,0.0,0.0,1.5234165000000002,159.0,16.0,160,0.0,363.1328125,0.799324428066943,0.2006755719330569,0.2006755719330569,0.0483316481294236,0.6811224489795918,1.6039031386063018,0.6352729514454921,0.0,0.0,0.0,0.0,0.8006526538055475,
adult_income,51,32561,20838,5210,6513,4,0.0,EMDT-Iso,2.064553500007605,OPTIMAL,4202.0,4202.0,0.0,0.0,1.8681041,159.0,16.0,0,0.003432800003793,357.78515625,0.7962536465530478,0.1589839947700684,0.0084348172750315,0.0594539939332659,0.6588010204081632,1.6148720104826562,0.6408724928292855,0.0,0.0,0.0,0.0,0.7983491697859679,
adult_income,51,32561,20838,5210,6513,4,0.0,LGBM-Adv,0.1369340000092052,,,,,,,,,0,0.0,371.16015625,0.8225088284968525,0.1226981781544123,0.0068283648997899,0.0440849342770475,0.5982142857142857,1.416853242813809,0.8519562122118818,0.0,0.0,0.0,0.0,0.8261829350225549,
adult_income,51,32561,20838,5210,6513,4,0.0,LGBM-Mono,0.1595278000022517,,,,,,,,,0,0.0,370.91796875,0.822815906648242,0.1226908748662158,0.0065255151604714,0.0432760364004044,0.5994897959183674,1.415359773838757,0.8519328686985411,0.0,0.0,0.0,0.0,0.8262789135233708,
adult_income,51,32561,20838,5210,6513,4,0.0,MonoRF,0.9488993999984814,,,,,,,,,0,0.0,367.27734375,0.8146783356364194,0.1323278923584898,0.0527842164692422,0.0218402426693629,0.7008928571428571,1.5109869276325292,0.8348459972967953,0.0,0.0,0.0,0.0,0.8160092139360783,
adult_income,51,32561,20838,5210,6513,4,0.0,MonoScore,0.0144640000071376,,,,,,,,,0,0.0,371.18359375,0.7951788730231844,0.1421300378546939,0.0388352702569411,0.0317492416582406,0.7506377551020408,1.6600217184952848,0.811454636202307,0.0,0.0,0.0,0.0,0.7912947499760054,
adult_income,51,32561,20838,5210,6513,4,0.0,MonoXGB1,0.0090008999977726,,,,,,,,,0,0.0,367.1875,0.8106863196683556,0.1359237879514694,0.0368920757796895,0.0984833164812942,0.475765306122449,1.4439471946513691,0.7861082236231196,0.0,0.0,0.0,0.0,0.8115462136481428,
adult_income,51,32561,20838,5210,6513,4,0.0,ODT,2.30359199999657,OPTIMAL,4131.0,4131.0,0.0,0.0,2.1179322000000003,159.0,16.0,0,0.0,353.890625,0.7994779671426377,0.2005220328573622,0.2005220328573622,0.0529828109201213,0.6658163265306123,1.5965467076618314,0.6406004312746332,0.003,0.003,0.0,0.0,0.8017564065649294,
adult_income,51,32561,20838,5210,6513,4,0.0,XGB-Mono,0.3132265000022016,,,,,,,,,0,0.0,369.55859375,0.822815906648242,0.1225818693637847,0.0082760301960073,0.0434782608695652,0.5988520408163265,1.4150953859804791,0.8524389457501911,0.0,0.0,0.0,0.0,0.8261829350225549,
bank_marketing,42,45211,28934,7234,9043,4,0.0,CART,0.0139575999928638,,,,,,,,,0,0.0,387.94921875,0.886873825058056,0.0839771849842378,0.0052132195629658,0.0261740763932373,0.7693761814744802,1.6696227449151468,0.8081393752226824,0.0045,1.7802799756542807e-05,0.0,0.0,0.891131540747909,
bank_marketing,42,45211,28934,7234,9043,4,0.0,EMDT,0.5603419000108261,OPTIMAL,3359.0,3359.0,0.0,0.0,0.3559709,150.0,16.0,0,0.0,394.2734375,0.8835563419219286,0.1164436580780714,0.1164436580780714,0.0057608015028177,0.95179584120983,1.9323956899337489,0.5212216786436761,0.0,0.0,0.0,0.0,0.8839082048800719,
bank_marketing,42,45211,28934,7234,9043,4,0.0,EMDT-Cell,1.0448080000060145,OPTIMAL,3359.0,3359.0,0.0,0.0,0.626322,150.0,16.0,150,0.0,368.34375,0.8835563419219286,0.1164436580780714,0.1164436580780714,0.0057608015028177,0.95179584120983,1.9323956899337489,0.5212216786436761,0.0,0.0,0.0,0.0,0.8839082048800719,
bank_marketing,42,45211,28934,7234,9043,4,0.0,EMDT-Iso,0.5634876000112854,OPTIMAL,3359.0,3359.0,0.0,0.0,0.3559709,150.0,16.0,0,0.0031457000004593,394.2734375,0.8835563419219286,0.1015057878468397,0.0012647995240614,0.0057608015028177,0.95179584120983,1.9323956899337489,0.5212216786436761,0.0,0.0,0.0,0.0,0.8839082048800719,
bank_marketing,42,45211,28934,7234,9043,4,0.0,LGBM-Adv,0.1975355000031413,,,,,,,,,0,0.0,377.015625,0.8874267389140772,0.0816660018185011,0.0070705969213349,0.0240450845335003,0.780718336483932,1.6816620956353656,0.8508761702293881,0.0,0.0,0.0,0.0,0.8923411902951545,
bank_marketing,42,45211,28934,7234,9043,4,0.0,LGBM-Mono,0.2166584999940823,,,,,,,,,0,0.0,376.984375,0.887316156142873,0.0818273138591166,0.0078725139265611,0.0251721978710081,0.7731568998109641,1.672174788976969,0.8510900045335477,0.0,0.0,0.0,0.0,0.8920301375544343,
bank_marketing,42,45211,28934,7234,9043,4,0.0,MonoRF,2.128791299997829,,,,,,,,,0,0.0,373.37890625,0.8836669246931328,0.0864916523187504,0.041980954890496,0.001753287413901,0.9810964083175804,1.970959253704666,0.836343249926315,0.0,0.0,0.0,0.0,0.8841846962051566,
bank_marketing,42,45211,28934,7234,9043,4,0.0,MonoScore,0.0167955999932019,,,,,,,,,0,0.0,377.1640625,0.8828928452947031,0.0965246335474973,0.045987953692214,0.0002504696305572,0.999054820415879,1.9993619889845444,0.8164500309535956,0.0,0.0,0.0,0.0,0.8831132923204534,
bank_marketing,42,45211,28934,7234,9043,4,0.0,MonoXGB1,0.0139277999987825,,,,,,,,,0,0.0,371.53125,0.8674112573261086,0.0921169146895408,0.0463098340827313,0.0705072010018785,0.6011342155009451,1.554804436011283,0.8035043258093804,0.0,0.0,0.0,0.0,0.8705329370291007,
bank_marketing,42,45211,28934,7234,9043,4,0.0,ODT,0.7088530999899376,OPTIMAL,3359.0,3359.0,0.0,0.0,0.5007213,150.0,16.0,0,0.0,390.6796875,0.8835563419219286,0.1164436580780714,0.1164436580780714,0.0057608015028177,0.95179584120983,1.9323956899337489,0.5212216786436761,0.0,0.0,0.0,0.0,0.8839082048800719,
bank_marketing,42,45211,28934,7234,9043,4,0.0,XGB-Mono,0.4476752000045962,,,,,,,,,0,0.0,374.6484375,0.887316156142873,0.0818286314606666,0.0073919705779367,0.0242955541640576,0.779773156899811,1.68102408461991,0.8508153283626081,0.0,0.0,0.0,0.0,0.8916845233980784,
bank_marketing,43,45211,28934,7234,9043,4,5.529138560212319e-05,CART,0.013625999999931,,,,,,,,,0,0.0,377.82421875,0.8896383943381622,0.08257763161758,0.0035380395893327,0.0235441452723857,0.7655954631379962,1.648911652637921,0.8211009418652413,0.0,0.0,0.0,0.0,0.890543996682104,
bank_marketing,43,45211,28934,7234,9043,4,5.529138560212319e-05,EMDT,0.7504045000096085,OPTIMAL,3340.0,3340.0,0.0,0.0,0.5576678,150.0,16.0,0,0.0,375.7265625,0.8815658520402522,0.1184341479597478,0.1184341479597478,0.0062617407639323,0.9650283553875236,1.961365414594709,0.514354951924272,0.0,0.0,0.0,0.0,0.884564871777148,
bank_marketing,43,45211,28934,7234,9043,4,5.529138560212319e-05,EMDT-Cell,1.190534800000023,OPTIMAL,3340.0,3340.0,0.0,0.0,0.7739064,150.0,16.0,150,0.0,392.2890625,0.8815658520402522,0.1184341479597478,0.1184341479597478,0.0062617407639323,0.9650283553875236,1.961365414594709,0.514354951924272,0.0,0.0,0.0,0.0,0.884564871777148,
bank_marketing,43,45211,28934,7234,9043,4,5.529138560212319e-05,EMDT-Iso,0.7552155000157654,OPTIMAL,3340.0,3340.0,0.0,0.0,0.5576678,150.0,16.0,0,0.0048110000061569,375.7265625,0.8815658520402522,0.1024503883790696,0.0015933575208499,0.0062617407639323,0.9650283553875236,1.961365414594709,0.514354951924272,0.0,0.0,0.0,0.0,0.884564871777148,
bank_marketing,43,45211,28934,7234,9043,4,5.529138560212319e-05,LGBM-Adv,0.1911099999997532,,,,,,,,,0,0.0,392.33203125,0.8880902355413026,0.0814045964461106,0.0088263414163636,0.0249217282404508,0.7684310018903592,1.6614706449829726,0.852853234976261,0.0,0.0,0.0,0.0,0.8927559272827815,
bank_marketing,43,45211,28934,7234,9043,4,5.529138560212319e-05,LGBM-Mono,0.2127522000082535,,,,,,,,,0,0.0,392.3046875,0.8874267389140772,0.0817513985380231,0.0094372742656735,0.0271759549154665,0.7570888468809074,1.6500574683391471,0.852425033705684,0.0,0.0,0.0,0.0,0.8919955761387987,
bank_marketing,43,45211,28934,7234,9043,4,5.529138560212319e-05,MonoRF,2.2287520000099903,,,,,,,,,0,0.0,392.30078125,0.8833351763795201,0.0861668575624336,0.0385393026628433,0.0018785222291797,0.9829867674858224,1.9753661461175431,0.8363579277307522,0.0,0.0,0.0,0.0,0.884564871777148,
bank_marketing,43,45211,28934,7234,9043,4,5.529138560212319e-05,MonoScore,0.0187223999964771,,,,,,,,,0,0.0,392.33203125,0.8831140108371116,0.0956486409100815,0.0434777619366826,0.0003757044458359,0.996219281663516,1.994317085556212,0.8301340059871237,0.0,0.0,0.0,0.0,0.8830441694891823,
bank_marketing,43,45211,28934,7234,9043,4,5.529138560212319e-05,MonoXGB1,0.0141798999975435,,,,,,,,,0,0.0,392.30078125,0.8906336392790003,0.0898122414946556,0.0474834797275049,0.0270507201001878,0.7306238185255198,1.596501237551979,0.812818043756429,0.0,0.0,0.0,0.0,0.8894380313817654,
bank_marketing,43,45211,28934,7234,9043,4,5.529138560212319e-05,ODT,1.0326560999965295,OPTIMAL,3340.0,3340.0,0.0,0.0,0.8237527,150.0,16.0,0,0.0,360.33984375,0.8815658520402522,0.1184341479597478,0.1184341479597478,0.0062617407639323,0.9650283553875236,1.961365414594709,0.514354951924272,0.0,0.0,0.0,0.0,0.884564871777148,
bank_marketing,43,45211,28934,7234,9043,4,5.529138560212319e-05,XGB-Mono,0.4232339000009233,,,,,,,,,0,0.0,392.3046875,0.8876479044564857,0.081847958266735,0.0091101888005467,0.0260488415779586,0.7637051039697542,1.6576544158293018,0.8517352360818312,0.0,0.0,0.0,0.0,0.8923411902951545,
bank_marketing,44,45211,28934,7234,9043,4,5.529138560212319e-05,CART,0.0118105000001378,,,,,,,,,0,0.0,371.984375,0.8898595598805706,0.0835282385942325,0.0042262875038357,0.0244207889793362,0.7570888468809074,1.636281638658496,0.7924108648896263,0.002,3.53676824265059e-05,0.0,0.0,0.8899218912006636,
bank_marketing,44,45211,28934,7234,9043,4,5.529138560212319e-05,EMDT,0.6124778000084916,OPTIMAL,3356.0,3356.0,0.0,0.0,0.4041372,150.0,16.0,0,0.0,383.7421875,0.8826716797522945,0.1173283202477054,0.1173283202477054,0.0055103318722604,0.9612476370510395,1.9500469334633816,0.5166210155383499,0.0,0.0,0.0,0.0,0.8840118891269786,
bank_marketing,44,45211,28934,7234,9043,4,5.529138560212319e-05,EMDT-Cell,0.8335343000071589,OPTIMAL,3356.0,3356.0,0.0,0.0,0.4887344,150.0,16.0,150,0.0,395.05859375,0.8826716797522945,0.1173283202477054,0.1173283202477054,0.0055103318722604,0.9612476370510395,1.9500469334633816,0.5166210155383499,0.0,0.0,0.0,0.0,0.8840118891269786,
bank_marketing,44,45211,28934,7234,9043,4,5.529138560212319e-05,EMDT-Iso,0.6167600000044331,OPTIMAL,3356.0,3356.0,0.0,0.0,0.4041372,150.0,16.0,0,0.0042821999959414,383.7421875,0.8826716797522945,0.1020997683363165,0.0013963552579833,0.0055103318722604,0.9612476370510395,1.9500469334633816,0.5166210155383499,0.0,0.0,0.0,0.0,0.8840118891269786,
bank_marketing,44,45211,28934,7234,9043,4,5.529138560212319e-05,LGBM-Adv,0.1857441000029212,,,,,,,,,0,0.0,395.1171875,0.8916288842198385,0.0809919100200671,0.0076303159363156,0.019160926737633,0.781663516068053,1.6591316658242712,0.8501381962635517,0.0,0.0,0.0,0.0,0.8915117163199004,
bank_marketing,44,45211,28934,7234,9043,4,5.529138560212319e-05,LGBM-Mono,0.1995628000004217,,,,,,,,,0,0.0,395.1171875,0.8909653875926131,0.081090431839892,0.0053418427932439,0.0209142141515341,0.774102079395085,1.6527752295478406,0.8506578378883848,0.0,0.0,0.0,0.0,0.8903711896039261,
bank_marketing,44,45211,28934,7234,9043,4,5.529138560212319e-05,MonoRF,2.146541399997659,,,,,,,,,0,0.0,395.0859375,0.8838880902355413,0.0869363932036138,0.0365069311792398,0.0012523481527864,0.9829867674858224,1.9722352757355768,0.834619614044765,0.0,0.0,0.0,0.0,0.8839427662957074,
bank_marketing,44,45211,28934,7234,9043,4,5.529138560212319e-05,MonoScore,0.0152876999927684,,,,,,,,,0,0.0,395.1171875,0.8833351763795201,0.0962340649096298,0.0403778598538142,0.0003757044458359,0.994328922495274,1.990536367219728,0.8168034819539945,0.0,0.0,0.0,0.0,0.8829404852422755,
bank_marketing,44,45211,28934,7234,9043,4,5.529138560212319e-05,MonoXGB1,0.0135110000119311,,,,,,,,,0,0.0,395.08203125,0.8740462235983634,0.0912940949201583,0.0457300325495359,0.0596117720726361,0.6266540642722117,1.5513669889076045,0.7973415418560084,0.0,0.0,0.0,0.0,0.8757171493744383,
bank_marketing,44,45211,28934,7234,9043,4,5.529138560212319e-05,ODT,0.7091666999913286,OPTIMAL,3356.0,3356.0,0.0,0.0,0.5089522000000001,150.0,16.0,0,0.0,381.7890625,0.8826716797522945,0.1173283202477054,0.1173283202477054,0.0055103318722604,0.9612476370510395,1.9500469334633816,0.5166210155383499,0.0,0.0,0.0,0.0,0.8840118891269786,
bank_marketing,44,45211,28934,7234,9043,4,5.529138560212319e-05,XGB-Mono,0.4214472999883583,,,,,,,,,0,0.0,395.1171875,0.8909653875926131,0.0810119286179542,0.0051044502183825,0.0205385097056981,0.776937618147448,1.6565677848233868,0.8508191753678033,0.0,0.0,0.0,0.0,0.8907168037602821,
bank_marketing,45,45211,28934,7234,9043,4,5.529138560212319e-05,CART,0.0140045000007376,,,,,,,,,0,0.0,368.91015625,0.885989162888422,0.0844565870495911,0.0059300585793001,0.0286787726988102,0.7580340264650284,1.659461916424108,0.8099223733536297,0.0,0.0,0.0,0.0,0.8899910140319347,
bank_marketing,45,45211,28934,7234,9043,4,5.529138560212319e-05,EMDT,0.6922581999970134,OPTIMAL,3363.0,3363.0,0.0,0.0,0.4900015,150.0,16.0,0,0.0,372.1015625,0.8843304213203583,0.1156695786796417,0.1156695786796417,0.0043832185347526,0.9555765595463138,1.933069211766391,0.5200201109594668,0.0,0.0,0.0,0.0,0.8837699592175295,
bank_marketing,45,45211,28934,7234,9043,4,5.529138560212319e-05,EMDT-Cell,0.9841264999995474,OPTIMAL,3363.0,3363.0,0.0,0.0,0.6440183,150.0,16.0,150,0.0,389.109375,0.8843304213203583,0.1156695786796417,0.1156695786796417,0.0043832185347526,0.9555765595463138,1.933069211766391,0.5200201109594668,0.0,0.0,0.0,0.0,0.8837699592175295,
bank_marketing,45,45211,28934,7234,9043,4,5.529138560212319e-05,EMDT-Iso,0.69637469999725,OPTIMAL,3363.0,3363.0,0.0,0.0,0.4900015,150.0,16.0,0,0.0041165000002365,372.1015625,0.8843304213203583,0.1014530505336885,0.0012565985578821,0.0043832185347526,0.9555765595463138,1.933069211766391,0.5200201109594668,0.0,0.0,0.0,0.0,0.8837699592175295,
bank_marketing,45,45211,28934,7234,9043,4,5.529138560212319e-05,LGBM-Adv,0.1953243000025395,,,,,,,,,0,0.0,389.12890625,0.8877584872276899,0.0818447482037164,0.0083006145945218,0.023418910457107,0.782608695652174,1.6823119435898832,0.8486230680635833,0.0,0.0,0.0,0.0,0.8927213658671459,
bank_marketing,45,45211,28934,7234,9043,4,5.529138560212319e-05,LGBM-Mono,0.2119843999971635,,,,,,,,,0,0.0,389.12890625,0.8877584872276899,0.0818894771132253,0.0102324131100721,0.0257983719474013,0.7646502835538752,1.6582924268447572,0.848491086193039,0.0,0.0,0.0,0.0,0.8913389092417225,
bank_marketing,45,45211,28934,7234,9043,4,5.529138560212319e-05,MonoRF,2.087773000006564,,,,,,,,,0,0.0,389.12109375,0.8844410040915626,0.0874222937658259,0.0387984287756567,0.0005009392611145,0.9839319470699432,1.9703685904454595,0.8309143561948029,0.0,0.0,0.0,0.0,0.8836317135549873,
bank_marketing,45,45211,28934,7234,9043,4,5.529138560212319e-05,MonoScore,0.0190913999977055,,,,,,,,,0,0.0,389.12890625,0.8834457591507243,0.0962424369379517,0.0453201618172817,0.0,0.996219281663516,1.992438563327032,0.8160766347108769,0.0,0.0,0.0,0.0,0.8829750466579112,
bank_marketing,45,45211,28934,7234,9043,4,5.529138560212319e-05,MonoXGB1,0.0149433000042336,,,,,,,,,0,0.0,389.11328125,0.8857679973460135,0.0930700749158859,0.0452192444422268,0.032310582341891,0.7325141776937618,1.6265812670969788,0.804629130943771,0.0,0.0,0.0,0.0,0.8892997857192231,
bank_marketing,45,45211,28934,7234,9043,4,5.529138560212319e-05,ODT,0.919395999997505,OPTIMAL,3363.0,3363.0,0.0,0.0,0.7218414000000001,150.0,16.0,0,0.0,353.78125,0.8843304213203583,0.1156695786796417,0.1156695786796417,0.0043832185347526,0.9555765595463138,1.933069211766391,0.5200201109594668,0.0,0.0,0.0,0.0,0.8837699592175295,
bank_marketing,45,45211,28934,7234,9043,4,5.529138560212319e-05,XGB-Mono,0.4173088999959873,,,,,,,,,0,0.0,389.12890625,0.887316156142873,0.0819833278656005,0.0095518547991238,0.02592360676268,0.7674858223062382,1.6645896784258765,0.8482824601420669,0.0,0.0,0.0,0.0,0.8916845233980784,
bank_marketing,46,45211,28934,7234,9043,4,2.76456928010616e-05,CART,0.0127079000085359,,,,,,,,,0,0.0,371.68359375,0.8903018909653876,0.0832598493683912,0.0078450345026689,0.0180338134001252,0.8015122873345936,1.6931936416698132,0.8000532070410847,0.0,0.0,0.0,0.0,0.8891269786410452,
bank_marketing,46,45211,28934,7234,9043,4,2.76456928010616e-05,EMDT,0.6520523999934085,OPTIMAL,3361.0,3361.0,0.0,0.0,0.4502428,150.0,16.0,0,0.0,382.984375,0.8833351763795201,0.1166648236204799,0.1166648236204799,0.0051346274264245,0.9584120982986768,1.9424973337294764,0.5182266371374493,0.0,0.0,0.0,0.0,0.8838390820488007,
bank_marketing,46,45211,28934,7234,9043,4,2.76456928010616e-05,EMDT-Cell,1.0014108000032138,OPTIMAL,3361.0,3361.0,0.0,0.0,0.6416254,150.0,16.0,150,0.0,392.3203125,0.8833351763795201,0.1166648236204799,0.1166648236204799,0.0051346274264245,0.9584120982986768,1.9424973337294764,0.5182266371374493,0.0,0.0,0.0,0.0,0.8838390820488007,
bank_marketing,46,45211,28934,7234,9043,4,2.76456928010616e-05,EMDT-Iso,0.6552144999877783,OPTIMAL,3361.0,3361.0,0.0,0.0,0.4502428,150.0,16.0,0,0.0031620999943697,382.984375,0.8833351763795201,0.1017854488742985,8.159385384213589e-05,0.0051346274264245,0.9584120982986768,1.9424973337294764,0.5182266371374493,0.0,0.0,0.0,0.0,0.8838390820488007,
bank_marketing,46,45211,28934,7234,9043,4,2.76456928010616e-05,LGBM-Adv,0.1872210000001359,,,,,,,,,0,0.0,392.33203125,0.8904124737365918,0.0810481613452521,0.0095956687421321,0.0230432060112711,0.7627599243856332,1.640735878827622,0.8486482215590906,0.0,0.0,0.0,0.0,0.8914771549042648,
bank_marketing,46,45211,28934,7234,9043,4,2.76456928010616e-05,LGBM-Mono,0.215278000003309,,,,,,,,,0,0.0,392.33203125,0.8905230565077961,0.081199690612158,0.0077083087248906,0.0232936756418284,0.7599243856332704,1.636317149475683,0.8484241483026421,0.0,0.0,0.0,0.0,0.8915462777355361,
bank_marketing,46,45211,28934,7234,9043,4,2.76456928010616e-05,MonoRF,2.1074222000024747,,,,,,,,,0,0.0,392.3203125,0.8842198385491541,0.0868592197399764,0.0362372980937662,0.0006261740763932,0.9848771266540642,1.9728851236900944,0.8347472162478561,0.0,0.0,0.0,0.0,0.8840810119582498,
bank_marketing,46,45211,28934,7234,9043,4,2.76456928010616e-05,MonoScore,0.0184181000076932,,,,,,,,,0,0.0,392.33203125,0.8832245936083158,0.0959126069072962,0.0457020979245974,0.0002504696305572,0.996219281663516,1.9936909114798185,0.8204746494194572,0.0,0.0,0.0,0.0,0.8829750466579112,
bank_marketing,46,45211,28934,7234,9043,4,2.76456928010616e-05,MonoXGB1,0.0117097000038484,,,,,,,,,0,0.0,392.3203125,0.8838880902355413,0.0918227508664131,0.0475288033559564,0.0432060112711333,0.666351606805293,1.548733269966253,0.8030183010914842,0.0,0.0,0.0,0.0,0.884737678855326,
bank_marketing,46,45211,28934,7234,9043,4,2.76456928010616e-05,ODT,0.8078900999971665,OPTIMAL,3361.0,3361.0,0.0,0.0,0.6145418,150.0,16.0,0,0.0,380.80078125,0.8833351763795201,0.1166648236204799,0.1166648236204799,0.0051346274264245,0.9584120982986768,1.9424973337294764,0.5182266371374493,0.0,0.0,0.0,0.0,0.8838390820488007,
bank_marketing,46,45211,28934,7234,9043,4,2.76456928010616e-05,XGB-Mono,0.4329208000126527,,,,,,,,,0,0.0,392.32421875,0.8903018909653876,0.0810300260782241,0.0082758302856985,0.0232936756418284,0.7618147448015122,1.6400978678121665,0.8492156252330397,0.0,0.0,0.0,0.0,0.8910624179166379,
bank_marketing,47,45211,28934,7234,9043,4,5.529138560212319e-05,CART,0.0126344000018434,,,,,,,,,0,0.0,385.62109375,0.8921817980758597,0.0820551873961982,0.0036889288439955,0.0224170319348778,0.7523629489603024,1.6168110575949943,0.8060279612174528,0.0035,2.738478027867086e-06,0.0,0.0,0.8891961014723163,
bank_marketing,47,45211,28934,7234,9043,4,5.529138560212319e-05,EMDT,0.6493031000136398,OPTIMAL,3367.0,3367.0,0.0,0.0,0.4360733,150.0,16.0,0,0.0,390.78515625,0.8842198385491541,0.1157801614508459,0.1157801614508459,0.0043832185347526,0.9565217391304348,1.934959570934633,0.5195475211674063,0.0,0.0,0.0,0.0,0.8836317135549873,
bank_marketing,47,45211,28934,7234,9043,4,5.529138560212319e-05,EMDT-Cell,0.992448200006038,OPTIMAL,3367.0,3367.0,0.0,0.0,0.6121188000000001,150.0,16.0,150,0.0,394.44921875,0.8842198385491541,0.1157801614508459,0.1157801614508459,0.0043832185347526,0.9565217391304348,1.934959570934633,0.5195475211674063,0.0,0.0,0.0,0.0,0.8836317135549873,
bank_marketing,47,45211,28934,7234,9043,4,5.529138560212319e-05,EMDT-Iso,0.6533940000081202,OPTIMAL,3367.0,3367.0,0.0,0.0,0.4360733,150.0,16.0,0,0.0040908999944804,390.78515625,0.8842198385491541,0.1014912657576278,0.0015906588365004,0.0043832185347526,0.9565217391304348,1.934959570934633,0.5195475211674063,0.0,0.0,0.0,0.0,0.8836317135549873,
bank_marketing,47,45211,28934,7234,9043,4,5.529138560212319e-05,LGBM-Adv,0.1914176999998744,,,,,,,,,0,0.0,394.48828125,0.8949463673559659,0.0794724348411394,0.0077569692045966,0.0197871008140263,0.7485822306238186,1.5960999653177683,0.8551015431817456,0.0,0.0,0.0,0.0,0.8914080320729937,
bank_marketing,47,45211,28934,7234,9043,4,5.529138560212319e-05,LGBM-Mono,0.2087804999900981,,,,,,,,,0,0.0,394.484375,0.8947252018135574,0.0795027143467581,0.0077418905352543,0.0209142141515341,0.7419659735349716,1.5885030178276138,0.8551716770456894,0.0,0.0,0.0,0.0,0.890302066772655,
bank_marketing,47,45211,28934,7234,9043,4,5.529138560212319e-05,MonoRF,2.1370216000068467,,,,,,,,,0,0.0,394.47265625,0.8842198385491541,0.0857015892509664,0.041041862501477,0.0003757044458359,0.9867674858223062,1.975413493873792,0.8411441348558794,0.0,0.0,0.0,0.0,0.8833897836455381,
bank_marketing,47,45211,28934,7234,9043,4,5.529138560212319e-05,MonoScore,0.0152003999974112,,,,,,,,,0,0.0,394.48828125,0.8833351763795201,0.0957093142316011,0.043761384704198,0.0001252348152786,0.996219281663516,1.9930647374034252,0.8307122996450101,0.0,0.0,0.0,0.0,0.8830096080735467,
bank_marketing,47,45211,28934,7234,9043,4,5.529138560212319e-05,MonoXGB1,0.0122488999913912,,,,,,,,,0,0.0,394.46875,0.8776954550481035,0.089658610522747,0.0470350767008652,0.0572323105823418,0.6134215500945179,1.5130046531007453,0.8019621502036546,0.0,0.0,0.0,0.0,0.8746457454897353,
bank_marketing,47,45211,28934,7234,9043,4,5.529138560212319e-05,ODT,0.7496953999943798,OPTIMAL,3367.0,3367.0,0.0,0.0,0.5370554000000001,150.0,16.0,0,0.0,387.76171875,0.8842198385491541,0.1157801614508459,0.1157801614508459,0.0043832185347526,0.9565217391304348,1.934959570934633,0.5195475211674063,0.0,0.0,0.0,0.0,0.8836317135549873,
bank_marketing,47,45211,28934,7234,9043,4,5.529138560212319e-05,XGB-Mono,0.4169307999982266,,,,,,,,,0,0.0,394.484375,0.8946146190423532,0.0796366780996322,0.0078655973356592,0.0207889793362554,0.7438563327032136,1.5916575620877047,0.85486947999143,0.0,0.0,0.0,0.0,0.8897836455381213,
bank_marketing,48,45211,28934,7234,9043,4,5.529138560212319e-05,CART,0.0142251000070245,,,,,,,,,0,0.0,370.51953125,0.8898595598805706,0.082704113329791,0.0016832966179353,0.0273011897307451,0.7353497164461248,1.6072053815459753,0.8150546333922418,0.0,0.0,0.0,0.0,0.8891961014723163,
bank_marketing,48,45211,28934,7234,9043,4,5.529138560212319e-05,EMDT,0.7944665999966674,OPTIMAL,3344.0,3344.0,0.0,0.0,0.5733459000000001,150.0,16.0,0,0.0,373.984375,0.8818976003538649,0.1181023996461351,0.1181023996461351,0.0066374452097683,0.9593572778827976,1.9519017818144369,0.5170026384537171,0.0,0.0,0.0,0.0,0.8844266261146057,
bank_marketing,48,45211,28934,7234,9043,4,5.529138560212319e-05,EMDT-Cell,1.0636111999920104,OPTIMAL,3344.0,3344.0,0.0,0.0,0.6889578000000001,150.0,16.0,150,0.0,391.3671875,0.8818976003538649,0.1181023996461351,0.1181023996461351,0.0066374452097683,0.9593572778827976,1.9519017818144369,0.5170026384537171,0.0,0.0,0.0,0.0,0.8844266261146057,
bank_marketing,48,45211,28934,7234,9043,4,5.529138560212319e-05,EMDT-Iso,0.7976989999879152,OPTIMAL,3344.0,3344.0,0.0,0.0,0.5733459000000001,150.0,16.0,0,0.0032323999912478,373.984375,0.8818976003538649,0.102207128044954,0.0010787758039961,0.0066374452097683,0.9593572778827976,1.9519017818144369,0.5170026384537171,0.0,0.0,0.0,0.0,0.8844266261146057,
bank_marketing,48,45211,28934,7234,9043,4,5.529138560212319e-05,LGBM-Adv,0.1909999000054085,,,,,,,,,0,0.0,391.3828125,0.8905230565077961,0.0807180557729842,0.0064933930362291,0.0262993112085159,0.7372400756143668,1.6059767072713134,0.8550533668397622,0.0,0.0,0.0,0.0,0.8907859265915532,
bank_marketing,48,45211,28934,7234,9043,4,5.529138560212319e-05,LGBM-Mono,0.2012708999973256,,,,,,,,,0,0.0,391.3828125,0.8900807254229791,0.0807942094375623,0.00511192293734,0.0273011897307451,0.7334593572778828,1.6034246632094913,0.8549236931723352,0.0,0.0,0.0,0.0,0.8911661021635446,
bank_marketing,48,45211,28934,7234,9043,4,5.529138560212319e-05,MonoRF,2.101473000002443,,,,,,,,,0,0.0,391.37109375,0.8843304213203583,0.0860004602519609,0.0382867418478345,0.0020037570444583,0.9735349716446124,1.9570887285115168,0.8358423698498958,0.0,0.0,0.0,0.0,0.8839427662957074,
bank_marketing,48,45211,28934,7234,9043,4,5.529138560212319e-05,MonoScore,0.0177013999928021,,,,,,,,,0,0.0,391.3828125,0.8824505142098861,0.093719646915116,0.0614025328205297,0.001753287413901,0.9914933837429112,1.991753204555328,0.818808600246445,0.0,0.0,0.0,0.0,0.8835280293080805,
bank_marketing,48,45211,28934,7234,9043,4,5.529138560212319e-05,MonoXGB1,0.0122809999884339,,,,,,,,,0,0.0,391.37109375,0.8895278115669578,0.0908627808094024,0.048357152399514,0.030181590482154,0.7164461247637051,1.5838002019381805,0.8080004687427869,0.0,0.0,0.0,0.0,0.8885394345752402,
bank_marketing,48,45211,28934,7234,9043,4,5.529138560212319e-05,ODT,0.9554161000123712,OPTIMAL,3344.0,3344.0,0.0,0.0,0.7411699,150.0,16.0,0,0.0,356.90625,0.8818976003538649,0.1181023996461351,0.1181023996461351,0.0066374452097683,0.9593572778827976,1.9519017818144369,0.5170026384537171,0.0,0.0,0.0,0.0,0.8844266261146057,
bank_marketing,48,45211,28934,7234,9043,4,5.529138560212319e-05,XGB-Mono,0.419046699986211,,,,,,,,,0,0.0,391.3828125,0.8898595598805706,0.0808925926685333,0.0046772042626435,0.0262993112085159,0.7429111531190926,1.617318862280765,0.8544161252253457,0.0,0.0,0.0,0.0,0.8907168037602821,
bank_marketing,49,45211,28934,7234,9043,4,5.529138560212319e-05,CART,0.0127804999938234,,,,,,,,,0,0.0,369.18359375,0.8898595598805706,0.0819832293660839,0.0032233850716698,0.0182842830306825,0.8034026465028355,1.6982267081590838,0.8186403973423705,0.004,8.158175988599936e-05,0.0,0.0,0.8886776802377825,
bank_marketing,49,45211,28934,7234,9043,4,5.529138560212319e-05,EMDT,0.6215814000024693,OPTIMAL,3374.0,3374.0,0.0,0.0,0.4008942,150.0,16.0,0,0.0,371.6640625,0.8844410040915626,0.1155589959084374,0.1155589959084374,0.003882279273638,0.9584120982986768,1.936235592965544,0.5188528112138426,0.0,0.0,0.0,0.0,0.8833897836455381,
bank_marketing,49,45211,28934,7234,9043,4,5.529138560212319e-05,EMDT-Cell,1.0320087000000058,OPTIMAL,3374.0,3374.0,0.0,0.0,0.6423803,150.0,16.0,150,0.0,388.8359375,0.8844410040915626,0.1155589959084374,0.1155589959084374,0.003882279273638,0.9584120982986768,1.936235592965544,0.5188528112138426,0.0,0.0,0.0,0.0,0.8833897836455381,
bank_marketing,49,45211,28934,7234,9043,4,5.529138560212319e-05,EMDT-Iso,0.6257857000018703,OPTIMAL,3374.0,3374.0,0.0,0.0,0.4008942,150.0,16.0,0,0.0042042999994009,371.6640625,0.8844410040915626,0.101468769058671,0.0011737930614681,0.003882279273638,0.9584120982986768,1.936235592965544,0.5188528112138426,0.0,0.0,0.0,0.0,0.8833897836455381,
bank_marketing,49,45211,28934,7234,9043,4,5.529138560212319e-05,LGBM-Adv,0.1756834999978309,,,,,,,,,0,0.0,388.85546875,0.8917394669910428,0.0789707970967606,0.0056086758922066,0.0197871008140263,0.775992438563327,1.6509203811967854,0.8601400546629845,0.0,0.0,0.0,0.0,0.8908550494228243,
bank_marketing,49,45211,28934,7234,9043,4,5.529138560212319e-05,LGBM-Mono,0.2062758000101894,,,,,,,,,0,0.0,388.85546875,0.8917394669910428,0.0790428433479053,0.0078167127342707,0.0199123356293049,0.775047258979206,1.6496561961049367,0.8594591939281236,0.0,0.0,0.0,0.0,0.8905094352664685,
bank_marketing,49,45211,28934,7234,9043,4,5.529138560212319e-05,MonoRF,1.9930062999919755,,,,,,,,,0,0.0,388.84375,0.8843304213203583,0.0856682929658808,0.0404589548399993,0.0006261740763932,0.9839319470699432,1.9709947645218528,0.8422023572080448,0.0,0.0,0.0,0.0,0.883562590723716,
bank_marketing,49,45211,28934,7234,9043,4,5.529138560212319e-05,MonoScore,0.0154535000037867,,,,,,,,,0,0.0,388.85546875,0.8828928452947031,0.095676425160344,0.0444566846694378,0.0003757044458359,0.998109640831758,1.998097803892696,0.8323102864184145,0.0,0.0,0.0,0.0,0.8831478537360891,
bank_marketing,49,45211,28934,7234,9043,4,5.529138560212319e-05,MonoXGB1,0.0131164000049466,,,,,,,,,0,0.0,388.84375,0.8876479044564857,0.0890079662203788,0.0467972143649079,0.038697557921102,0.668241965973535,1.5299717215525803,0.8162464947864203,0.0,0.0,0.0,0.0,0.8848068016865971,
bank_marketing,49,45211,28934,7234,9043,4,5.529138560212319e-05,ODT,0.7757892000081483,OPTIMAL,3374.0,3374.0,0.0,0.0,0.5633116,150.0,16.0,0,0.0,355.4296875,0.8844410040915626,0.1155589959084374,0.1155589959084374,0.003882279273638,0.9584120982986768,1.936235592965544,0.5188528112138426,0.0,0.0,0.0,0.0,0.8833897836455381,
bank_marketing,49,45211,28934,7234,9043,4,5.529138560212319e-05,XGB-Mono,0.4094129000004614,,,,,,,,,0,0.0,388.85546875,0.8914077186774301,0.0790405347943306,0.0076383543961004,0.0202880400751408,0.775047258979206,1.6515347183341165,0.860026242493901,0.0,0.0,0.0,0.0,0.8901983825257482,
bank_marketing,50,45211,28934,7234,9043,4,8.293707840318478e-05,CART,0.0120020000031217,,,,,,,,,0,0.0,385.75390625,0.8909653875926131,0.0821630794229834,0.0050028508321279,0.0194113963681903,0.7854442344045368,1.6679454506500253,0.8242945480242374,0.004,4.014263497573967e-05,0.0,0.0,0.8885739959908758,
bank_marketing,50,45211,28934,7234,9043,4,8.293707840318478e-05,EMDT,0.6684632999968017,OPTIMAL,3368.0,3368.0,0.0,0.0,0.4727957,150.0,16.0,0,0.0,389.98828125,0.8836669246931328,0.1163330753068671,0.1163330753068671,0.0041327489041953,0.9631379962192816,1.94693973695954,0.5163646274382615,0.0,0.0,0.0,0.0,0.8835971521393516,
bank_marketing,50,45211,28934,7234,9043,4,8.293707840318478e-05,EMDT-Cell,0.8931907000078354,OPTIMAL,3368.0,3368.0,0.0,0.0,0.5393773000000001,150.0,16.0,150,0.0,394.9296875,0.8836669246931328,0.1163330753068671,0.1163330753068671,0.0041327489041953,0.9631379962192816,1.94693973695954,0.5163646274382615,0.0,0.0,0.0,0.0,0.8835971521393516,
bank_marketing,50,45211,28934,7234,9043,4,8.293707840318478e-05,EMDT-Iso,0.6715650999831269,OPTIMAL,3368.0,3368.0,0.0,0.0,0.4727957,150.0,16.0,0,0.0031017999863252,389.98828125,0.8836669246931328,0.101876408754815,0.0012156817050878,0.0041327489041953,0.9631379962192816,1.94693973695954,0.5163646274382615,0.0,0.0,0.0,0.0,0.8835971521393516,
bank_marketing,50,45211,28934,7234,9043,4,8.293707840318478e-05,LGBM-Adv,0.1679121999914059,,,,,,,,,0,0.0,394.953125,0.8899701426517749,0.079773637443549,0.0104243789471344,0.0196618659987476,0.7920604914933838,1.6824303129805058,0.85876827179506,0.0,0.0,0.0,0.0,0.8904403124351974,
bank_marketing,50,45211,28934,7234,9043,4,8.293707840318478e-05,LGBM-Mono,0.191814300007536,,,,,,,,,0,0.0,394.953125,0.8905230565077961,0.0797370384026571,0.0101492502402387,0.0210394489668127,0.776937618147448,1.65907248112896,0.8594138584515153,0.0,0.0,0.0,0.0,0.89088961083846,
bank_marketing,50,45211,28934,7234,9043,4,8.293707840318478e-05,MonoRF,1.8974813999957405,,,,,,,,,0,0.0,394.9453125,0.8839986730067455,0.085877547655644,0.0380821445727791,0.0015028177833437,0.9801512287334594,1.9678165463836377,0.8482518616545911,0.0,0.0,0.0,0.0,0.8841846962051566,
bank_marketing,50,45211,28934,7234,9043,4,8.293707840318478e-05,MonoScore,0.0142312999960267,,,,,,,,,0,0.0,394.95703125,0.8831140108371116,0.0958818780237355,0.0444564714477194,0.0002504696305572,0.997164461247637,1.9955812706480605,0.8217644022996805,0.0,0.0,0.0,0.0,0.8829750466579112,
bank_marketing,50,45211,28934,7234,9043,4,8.293707840318478e-05,MonoXGB1,0.0116066000045975,,,,,,,,,0,0.0,394.9453125,0.8852150834899922,0.0890351235866546,0.0435000460075419,0.0439574201628052,0.6493383742911153,1.518463849396257,0.8258274316327993,0.0,0.0,0.0,0.0,0.8822492569295638,
bank_marketing,50,45211,28934,7234,9043,4,8.293707840318478e-05,ODT,0.818557000005967,OPTIMAL,3368.0,3368.0,0.0,0.0,0.6061455,150.0,16.0,0,0.0,388.75390625,0.8836669246931328,0.1163330753068671,0.1163330753068671,0.0041327489041953,0.9631379962192816,1.94693973695954,0.5163646274382615,0.0,0.0,0.0,0.0,0.8835971521393516,
bank_marketing,50,45211,28934,7234,9043,4,8.293707840318478e-05,XGB-Mono,0.3984713999961968,,,,,,,,,0,0.0,394.953125,0.8903018909653876,0.0796762257814407,0.009956315710956,0.0197871008140263,0.7882797731568998,1.675495050383931,0.8594268790844838,0.0,0.0,0.0,0.0,0.8906822423446464,
bank_marketing,51,45211,28934,7234,9043,4,5.529138560212319e-05,CART,0.0116407000023173,,,,,,,,,0,0.0,369.16015625,0.885989162888422,0.0844220121923946,0.0057803359700993,0.0314339386349405,0.7372400756143668,1.6316498444034362,0.8027787214448641,0.0075,1.1533660910369448e-05,0.0,0.0,0.8898527683693924,
bank_marketing,51,45211,28934,7234,9043,4,5.529138560212319e-05,EMDT,0.5972858000022825,OPTIMAL,3366.0,3366.0,0.0,0.0,0.4057657,150.0,16.0,0,0.0,373.734375,0.8839986730067455,0.1160013269932544,0.1160013269932544,0.0048841577958672,0.9546313799621928,1.9336835489037216,0.52024223112097,0.0,0.0,0.0,0.0,0.8836662749706228,
bank_marketing,51,45211,28934,7234,9043,4,5.529138560212319e-05,EMDT-Cell,0.9003631999948993,OPTIMAL,3366.0,3366.0,0.0,0.0,0.5647802000000001,150.0,16.0,150,0.0,362.4921875,0.8839986730067455,0.1160013269932544,0.1160013269932544,0.0048841577958672,0.9546313799621928,1.9336835489037216,0.52024223112097,0.0,0.0,0.0,0.0,0.8836662749706228,
bank_marketing,51,45211,28934,7234,9043,4,5.529138560212319e-05,EMDT-Iso,0.6006940000079339,OPTIMAL,3366.0,3366.0,0.0,0.0,0.4057657,150.0,16.0,0,0.0034082000056514,373.734375,0.8839986730067455,0.1014770630727656,0.0005707253565576,0.0048841577958672,0.9546313799621928,1.9336835489037216,0.52024223112097,0.0,0.0,0.0,0.0,0.8836662749706228,
bank_marketing,51,45211,28934,7234,9043,4,5.529138560212319e-05,LGBM-Adv,0.1579012000001967,,,,,,,,,0,0.0,374.1796875,0.8899701426517749,0.0810098023128719,0.0088734233526237,0.0201628052598622,0.7882797731568998,1.6773735726131107,0.852257718572039,0.0,0.0,0.0,0.0,0.891719084813714,
bank_marketing,51,45211,28934,7234,9043,4,5.529138560212319e-05,LGBM-Mono,0.1899880999990273,,,,,,,,,0,0.0,374.10546875,0.8909653875926131,0.0811116499959408,0.0070299689408034,0.021665623043206,0.7684310018903592,1.6451901189967484,0.8524617874014723,0.0,0.0,0.0,0.0,0.8915117163199004,
bank_marketing,51,45211,28934,7234,9043,4,5.529138560212319e-05,MonoRF,1.925379200009047,,,,,,,,,0,0.0,369.49609375,0.883777507464337,0.0864181661261325,0.0356406388257807,0.0012523481527864,0.9839319470699432,1.9741256349038188,0.8364330331091022,0.0,0.0,0.0,0.0,0.8842192576207921,
bank_marketing,51,45211,28934,7234,9043,4,5.529138560212319e-05,MonoScore,0.0116075999976601,,,,,,,,,0,0.0,374.1875,0.8833351763795201,0.0936211078844572,0.0617683624980872,0.0006261740763932,0.9924385633270322,1.9880079970360305,0.8199898083954674,0.0,0.0,0.0,0.0,0.8832169765673602,
bank_marketing,51,45211,28934,7234,9043,4,5.529138560212319e-05,MonoXGB1,0.0121002999949269,,,,,,,,,0,0.0,367.6328125,0.8860997456596262,0.0926936045289039,0.0503362560761946,0.0315591734502191,0.7353497164461248,1.628495300143345,0.8043673570364093,0.0,0.0,0.0,0.0,0.8895417156286721,
bank_marketing,51,45211,28934,7234,9043,4,5.529138560212319e-05,ODT,0.7939477000036277,OPTIMAL,3366.0,3366.0,0.0,0.0,0.5864419000000001,150.0,16.0,0,0.0,355.9609375,0.8839986730067455,0.1160013269932544,0.1160013269932544,0.0048841577958672,0.9546313799621928,1.9336835489037216,0.52024223112097,0.0,0.0,0.0,0.0,0.8836662749706228,
bank_marketing,51,45211,28934,7234,9043,4,5.529138560212319e-05,XGB-Mono,0.3872472999937599,,,,,,,,,0,0.0,372.078125,0.8899701426517749,0.0812552943825721,0.0054122706104202,0.02128991859737,0.779773156899811,1.6659959067864722,0.8524407176499414,0.0,0.0,0.0,0.0,0.8916154005668072,
compas_real,42,6172,3949,988,1235,5,0.0004858299595141,CART,0.0013399999879766,,,,,,,,,0,0.0,190.6484375,0.6615384615384615,0.2171822014831513,0.0268273065078632,0.5587188612099644,0.1545319465081723,3.102658199066167,0.6974348669842898,0.0,0.0,0.0,0.0,0.6794125094960749,
compas_real,42,6172,3949,988,1235,5,0.0004858299595141,EMDT,0.0765202000038698,OPTIMAL,1292.0,1292.0,0.0,0.0,0.0533931,20.0,20.0,0,0.0,198.24609375,0.6534412955465587,0.3465587044534413,0.3465587044534413,0.4715302491103202,0.2421991084695393,2.84204946249068,0.6431353212100701,0.0,0.0,0.0,0.0,0.6728285641934667,
compas_real,42,6172,3949,988,1235,5,0.0004858299595141,EMDT-Cell,0.0707218000025022,OPTIMAL,1274.0,1274.0,0.0,0.0,0.0337242,20.0,20.0,20,0.0,199.91796875,0.6639676113360324,0.3360323886639676,0.3360323886639675,0.395017793594306,0.2867756315007429,2.548640230973016,0.6591032874524756,0.0,0.0,0.0,0.0,0.6773866801721955,
compas_real,42,6172,3949,988,1235,5,0.0004858299595141,EMDT-Iso,0.0775171999994199,OPTIMAL,1292.0,1292.0,0.0,0.0,0.0533931,20.0,20.0,0,0.0009969999955501,198.24609375,0.6534412955465587,0.2266365302431112,0.0147227253356063,0.4715302491103202,0.2421991084695393,2.84204946249068,0.6431353212100701,0.0,0.0,0.0,0.0,0.6728285641934667,
compas_real,42,6172,3949,988,1235,5,0.0004858299595141,LGBM-Adv,0.0278562000021338,,,,,,,,,0,0.0,317.04296875,0.6761133603238867,0.2104472518149186,0.0285789703876866,0.4306049822064057,0.2347696879643387,2.622564286960706,0.7222216346840249,0.0,0.0,0.0,0.0,0.6951126867561408,
compas_real,42,6172,3949,988,1235,5,0.0004858299595141,LGBM-Mono,0.0279398999991826,,,,,,,,,0,0.0,317.015625,0.6736842105263158,0.2106504576262009,0.0312412821009087,0.4430604982206406,0.2288261515601783,2.67295479422356,0.7226089692406127,0.0,0.0,0.0,0.0,0.6956191440871107,
compas_real,42,6172,3949,988,1235,5,0.0004858299595141,MonoRF,0.2025419999990845,,,,,,,,,0,0.0,313.7890625,0.6380566801619433,0.2213512485979316,0.05226012210611,0.6245551601423488,0.1426448736998514,3.4080655481114466,0.7112916615991497,0.0,0.0,0.0,0.0,0.6654849328944037,
compas_real,42,6172,3949,988,1235,5,0.0004858299595141,MonoScore,0.0042353000026196,,,,,,,,,0,0.0,317.28515625,0.6672064777327935,0.2158277493715018,0.0515529919544851,0.50355871886121,0.1901931649331352,2.8981799241723203,0.7144273529582841,0.0,0.0,0.0,0.0,0.6854899974677133,
compas_real,42,6172,3949,988,1235,5,0.0004858299595141,MonoXGB1,0.2367822000087471,,,,,,,,,0,0.0,313.33984375,0.6437246963562753,0.2188494652509689,0.0119054024156771,0.6192170818505338,0.1367013372956909,3.369488083844051,0.6933367880579335,0.0,0.0,0.0,0.0,0.6649784755634338,
compas_real,42,6172,3949,988,1235,5,0.0004858299595141,ODT,0.0632534999895142,OPTIMAL,1274.0,1274.0,0.0,0.0,0.0341475,20.0,20.0,0,0.0,196.98046875,0.6639676113360324,0.3360323886639676,0.3360323886639675,0.395017793594306,0.2867756315007429,2.548640230973016,0.6591032874524756,0.0,0.0,0.0,0.0,0.6773866801721955,
compas_real,42,6172,3949,988,1235,5,0.0004858299595141,XGB-Mono,0.0598632000037469,,,,,,,,,0,0.0,315.82421875,0.674493927125506,0.2104320228099823,0.0255518377226916,0.4395017793594306,0.2303120356612184,2.65813296811959,0.7220603554488586,0.0,0.0,0.0,0.0,0.6958723727525956,
compas_real,43,6172,3949,988,1235,5,0.0003238866396761,CART,0.0012356999941403,,,,,,,,,0,0.0,191.0234375,0.6874493927125506,0.2099898117281011,0.0224271071459898,0.3932384341637011,0.2451708766716196,2.4565339241617448,0.7168782685484341,0.0,0.0,0.0,0.0,0.6842238541402886,
compas_real,43,6172,3949,988,1235,5,0.0003238866396761,EMDT,0.065534999986994,OPTIMAL,1291.0,1291.0,0.0,0.0,0.0437432,20.0,20.0,0,0.0,197.98828125,0.6817813765182186,0.3182186234817813,0.3182186234817813,0.4626334519572954,0.1976225854383358,2.7084124306631483,0.6698719813021844,0.0,0.0,0.0,0.0,0.6730817928589516,
compas_real,43,6172,3949,988,1235,5,0.0003238866396761,EMDT-Cell,0.0642606999899726,OPTIMAL,1279.0,1279.0,0.0,0.0,0.0273802,20.0,20.0,20,0.0,199.82421875,0.697165991902834,0.302834008097166,0.302834008097166,0.3843416370106761,0.2347696879643387,2.3912475609820585,0.6904443375124926,0.0,0.0,0.0,0.0,0.6761205368447708,
compas_real,43,6172,3949,988,1235,5,0.0003238866396761,EMDT-Iso,0.0663318999868352,OPTIMAL,1291.0,1291.0,0.0,0.0,0.0437432,20.0,20.0,0,0.0007968999998411,197.98828125,0.6817813765182186,0.2190582540780504,0.0451726043962449,0.4626334519572954,0.1976225854383358,2.7084124306631483,0.6698719813021844,0.0,0.0,0.0,0.0,0.6730817928589516,
compas_real,43,6172,3949,988,1235,5,0.0003238866396761,LGBM-Adv,0.02914939999755,,,,,,,,,0,0.0,316.88671875,0.7012145748987855,0.201864804005459,0.0277571130678445,0.3790035587188612,0.2317979197622585,2.358613633118823,0.751689466086414,0.0,0.0,0.0,0.0,0.6946062294251709,
compas_real,43,6172,3949,988,1235,5,0.0003238866396761,LGBM-Mono,0.0292973000032361,,,,,,,,,0,0.0,316.86328125,0.6995951417004048,0.2008060249888142,0.0307515965570795,0.3825622775800711,0.2317979197622585,2.376407227424873,0.7533762882509399,0.0,0.0,0.0,0.0,0.694353000759686,
compas_real,43,6172,3949,988,1235,5,0.0003238866396761,MonoRF,0.2149842000071657,,,,,,,,,0,0.0,313.8359375,0.6672064777327935,0.2179798279169405,0.0792309574052601,0.5729537366548043,0.1322436849925705,3.1292560532591627,0.7457393198775336,0.0,0.0,0.0,0.0,0.6619397315776145,
compas_real,43,6172,3949,988,1235,5,0.0003238866396761,MonoScore,0.0040411000081803,,,,,,,,,0,0.0,317.12890625,0.6947368421052632,0.2077185272508349,0.0760189556407366,0.5,0.1426448736998514,2.7852897473997027,0.7550908715952895,0.0,0.0,0.0,0.0,0.6791592808305901,
compas_real,43,6172,3949,988,1235,5,0.0003238866396761,MonoXGB1,0.2159371000016108,,,,,,,,,0,0.0,312.99609375,0.676923076923077,0.211764708161354,0.0254744603686969,0.5480427046263345,0.1352154531946508,3.0106444295209744,0.7137544748377953,0.0,0.0,0.0,0.0,0.664218789566979,
compas_real,43,6172,3949,988,1235,5,0.0003238866396761,ODT,0.0615852000046288,OPTIMAL,1279.0,1279.0,0.0,0.0,0.0330758,20.0,20.0,0,0.0,196.625,0.697165991902834,0.302834008097166,0.302834008097166,0.3843416370106761,0.2347696879643387,2.3912475609820585,0.6904443375124926,0.0,0.0,0.0,0.0,0.6761205368447708,
compas_real,43,6172,3949,988,1235,5,0.0003238866396761,XGB-Mono,0.0598027000087313,,,,,,,,,0,0.0,315.73828125,0.7012145748987855,0.200878232717514,0.0300682540470168,0.3790035587188612,0.2317979197622585,2.358613633118823,0.7529307874128167,0.0,0.0,0.0,0.0,0.6948594580906559,
compas_real,44,6172,3949,988,1235,5,0.0003238866396761,CART,0.0013126000121701,,,,,,,,,0,0.0,190.640625,0.6842105263157895,0.2137702867311663,0.0362842081204826,0.4822064056939502,0.1768202080237741,2.7646724445172994,0.7072596807199928,0.0,0.0,0.0005,5.291636949982945e-05,0.6746011648518613,
compas_real,44,6172,3949,988,1235,5,0.0003238866396761,EMDT,0.0680775000073481,OPTIMAL,1318.0,1318.0,0.0,0.0,0.04606,20.0,20.0,0,0.0,198.41796875,0.6728744939271255,0.3271255060728745,0.3271255060728745,0.4928825622775801,0.1887072808320951,2.8418273730520904,0.6592050784451624,0.0,0.0,0.0,0.0,0.6662446188908584,
compas_real,44,6172,3949,988,1235,5,0.0003238866396761,EMDT-Cell,0.0727054000017233,OPTIMAL,1298.0,1298.0,0.0,0.0,0.0356506,20.0,20.0,20,0.0,200.015625,0.6850202429149798,0.3149797570850202,0.3149797570850203,0.3612099644128114,0.2763744427934621,2.358798707650981,0.6812077963968632,0.0,0.0,0.0,0.0,0.6713091922005571,
compas_real,44,6172,3949,988,1235,5,0.0003238866396761,EMDT-Iso,0.0689566000073682,OPTIMAL,1318.0,1318.0,0.0,0.0,0.04606,20.0,20.0,0,0.0008791000000201,198.41796875,0.6728744939271255,0.2200944048018822,0.012362551805093,0.4928825622775801,0.1887072808320951,2.8418273730520904,0.6592050784451624,0.0,0.0,0.0,0.0,0.6662446188908584,
compas_real,44,6172,3949,988,1235,5,0.0003238866396761,LGBM-Adv,0.0280399999901419,,,,,,,,,0,0.0,316.63671875,0.6987854251012146,0.2026539833291976,0.0317271039933195,0.3790035587188612,0.2362555720653789,2.367528937725064,0.7455978700565271,0.0,0.0,0.0,0.0,0.6882755127880477,
compas_real,44,6172,3949,988,1235,5,0.0003238866396761,LGBM-Mono,0.029840500006685,,,,,,,,,0,0.0,316.6015625,0.6995951417004048,0.2022964799418794,0.031171060166986,0.3772241992882562,0.2362555720653789,2.358632140572039,0.7475768455896739,0.0,0.0,0.0,0.0,0.6885287414535325,
compas_real,44,6172,3949,988,1235,5,0.0003238866396761,MonoRF,0.209826400008751,,,,,,,,,0,0.0,313.64453125,0.682591093117409,0.2168987498608307,0.0894653683154674,0.5231316725978647,0.1456166419019316,2.906891646793187,0.7345581742133012,0.0,0.0,0.0,0.0,0.6634591035705242,
compas_real,44,6172,3949,988,1235,5,0.0003238866396761,MonoScore,0.0047596000076737,,,,,,,,,0,0.0,316.875,0.7068825910931175,0.2112168385491805,0.0949796504580698,0.4750889679715303,0.1411589895988113,2.657762819055274,0.7424502810488967,0.0,0.0,0.0,0.0,0.6690301342111927,
compas_real,44,6172,3949,988,1235,5,0.0003238866396761,MonoXGB1,0.2616242999938549,,,,,,,,,0,0.0,313.14453125,0.6777327935222672,0.212421715259552,0.0424366714018076,0.5142348754448398,0.1619613670133729,2.895097111250945,0.7162186100373852,0.0,0.0,0.0,0.0,0.6596606735882502,
compas_real,44,6172,3949,988,1235,5,0.0003238866396761,ODT,0.0642071999900508,OPTIMAL,1298.0,1298.0,0.0,0.0,0.0353957,20.0,20.0,0,0.0,197.19921875,0.6850202429149798,0.3149797570850202,0.3149797570850203,0.3612099644128114,0.2763744427934621,2.358798707650981,0.6812077963968632,0.0,0.0,0.0,0.0,0.6713091922005571,
compas_real,44,6172,3949,988,1235,5,0.0003238866396761,XGB-Mono,0.0600066000042716,,,,,,,,,0,0.0,315.4296875,0.6987854251012146,0.2020542472600937,0.0332053399935123,0.3754448398576512,0.2392273402674591,2.3556788798231745,0.7474935620502028,0.0,0.0,0.0,0.0,0.6885287414535325,
compas_real,45,6172,3949,988,1235,5,0.0004858299595141,CART,0.0012650999997276,,,,,,,,,0,0.0,190.48046875,0.6582995951417004,0.2198887201417918,0.0333405997351131,0.5427046263345195,0.1738484398216939,3.061220011315985,0.6938536747870321,0.0,0.0,0.0,0.0,0.6862496834641681,
compas_real,45,6172,3949,988,1235,5,0.0004858299595141,EMDT,0.0689958000002661,OPTIMAL,1268.0,1268.0,0.0,0.0,0.0467068,20.0,20.0,0,0.0,198.22265625,0.6566801619433198,0.3433198380566801,0.3433198380566802,0.4839857651245551,0.225854383358098,2.8716375923389723,0.6450799257586733,0.0,0.0,0.0,0.0,0.6789060521651051,
compas_real,45,6172,3949,988,1235,5,0.0004858299595141,EMDT-Cell,0.0714155000023311,OPTIMAL,1251.0,1251.0,0.0,0.0,0.0334776,20.0,20.0,20,0.0,199.66015625,0.671255060728745,0.3287449392712551,0.328744939271255,0.4092526690391459,0.2615156017830609,2.5692945487618517,0.6646158645888967,0.0,0.0,0.0,0.0,0.683210939478349,
compas_real,45,6172,3949,988,1235,5,0.0004858299595141,EMDT-Iso,0.0697968000022228,OPTIMAL,1268.0,1268.0,0.0,0.0,0.0467068,20.0,20.0,0,0.0008010000019567,198.22265625,0.6566801619433198,0.2254566994275507,0.0022685228228298,0.4839857651245551,0.225854383358098,2.8716375923389723,0.6450799257586733,0.0,0.0,0.0,0.0,0.6789060521651051,
compas_real,45,6172,3949,988,1235,5,0.0004858299595141,LGBM-Adv,0.0284174000116763,,,,,,,,,0,0.0,316.46484375,0.676923076923077,0.2115873450555485,0.0352340916535614,0.4270462633451957,0.2362555720653789,2.6077424608567368,0.7228191610307065,0.0,0.0,0.0,0.0,0.7029627753861737,
compas_real,45,6172,3949,988,1235,5,0.0004858299595141,LGBM-Mono,0.02854379999917,,,,,,,,,0,0.0,316.19921875,0.676923076923077,0.211560644478721,0.039166366219457,0.4234875444839858,0.2392273402674591,2.595892402954848,0.7230240649770243,0.0,0.0,0.0,0.0,0.7032160040516586,
compas_real,45,6172,3949,988,1235,5,0.0004858299595141,MonoRF,0.209448000008706,,,,,,,,,0,0.0,313.21875,0.6275303643724697,0.2209471843109665,0.0591405873487621,0.6476868327402135,0.1426448736998514,3.5237239111007703,0.7156924695816786,0.0,0.0,0.0,0.0,0.6659913902253735,
compas_real,45,6172,3949,988,1235,5,0.0004858299595141,MonoScore,0.0048413000040454,,,,,,,,,0,0.0,316.71484375,0.6720647773279352,0.2167591976020066,0.0519646453145842,0.5302491103202847,0.1589895988112927,2.9692247492240087,0.7098956708423007,0.0,0.0,0.0,0.0,0.6827044821473791,
compas_real,45,6172,3949,988,1235,5,0.0004858299595141,MonoXGB1,0.2389623999915784,,,,,,,,,0,0.0,312.59375,0.6445344129554655,0.2172763049602508,0.0099818583683446,0.608540925266904,0.1441307578008915,3.330966141936303,0.7012817733312886,0.0,0.0,0.0,0.0,0.6702962775386174,
compas_real,45,6172,3949,988,1235,5,0.0004858299595141,ODT,0.0634479000000283,OPTIMAL,1251.0,1251.0,0.0,0.0,0.0339521,20.0,20.0,0,0.0,196.8671875,0.671255060728745,0.3287449392712551,0.328744939271255,0.4092526690391459,0.2615156017830609,2.5692945487618517,0.6646158645888967,0.0,0.0,0.0,0.0,0.683210939478349,
compas_real,45,6172,3949,988,1235,5,0.0004858299595141,XGB-Mono,0.0620105999987572,,,,,,,,,0,0.0,315.04296875,0.6809716599190283,0.2110989540815353,0.0382326400623871,0.4395017793594306,0.2184249628528974,2.634358822502948,0.723235578728062,0.0,0.0,0.0,0.0,0.7019498607242339,
compas_real,46,6172,3949,988,1235,5,0.0006477732793522,CART,0.0012765999999828,,,,,,,,,0,0.0,317.5390625,0.6777327935222672,0.213597622047037,0.0217397993687098,0.4270462633451957,0.2347696879643387,2.6047706926546565,0.7070587426565069,0.0,0.0,0.002,3.212288053865442e-05,0.6875158267915928,
compas_real,46,6172,3949,988,1235,5,0.0006477732793522,EMDT,0.0682797000044956,OPTIMAL,1288.0,1288.0,0.0,0.0,0.0427055,20.0,20.0,0,0.0,318.6015625,0.671255060728745,0.3287449392712551,0.3287449392712551,0.4893238434163701,0.1946508172362555,2.835920851554361,0.6580126696736872,0.0,0.0,0.0,0.0,0.6738414788554065,
compas_real,46,6172,3949,988,1235,5,0.0006477732793522,EMDT-Cell,0.0671913999976823,OPTIMAL,1263.0,1263.0,0.0,0.0,0.0293157,20.0,20.0,20,0.0,319.58984375,0.682591093117409,0.3174089068825911,0.317408906882591,0.4145907473309608,0.2362555720653789,2.545464880785562,0.6745768403018301,0.0,0.0,0.0,0.0,0.6801721954925297,
compas_real,46,6172,3949,988,1235,5,0.0006477732793522,EMDT-Iso,0.0691250000090804,OPTIMAL,1288.0,1288.0,0.0,0.0,0.0427055,20.0,20.0,0,0.0008453000045847,318.6015625,0.671255060728745,0.2223368985815556,0.0396319670468276,0.4893238434163701,0.1946508172362555,2.835920851554361,0.6580126696736872,0.0,0.0,0.0,0.0,0.6738414788554065,
compas_real,46,6172,3949,988,1235,5,0.0006477732793522,LGBM-Adv,0.0270486999943386,,,,,,,,,0,0.0,319.58984375,0.6850202429149798,0.2061097202639653,0.021162925882824,0.4110320284697509,0.2347696879643387,2.524699518277432,0.7410238851903359,0.0,0.0,0.0,0.0,0.6986578880729298,
compas_real,46,6172,3949,988,1235,5,0.0006477732793522,LGBM-Mono,0.0279711000039242,,,,,,,,,0,0.0,319.58984375,0.68582995951417,0.2056280739372863,0.0200370768074402,0.4092526690391459,0.2347696879643387,2.515802721124407,0.7417232025297045,0.0,0.0,0.0,0.0,0.6999240314003545,
compas_real,46,6172,3949,988,1235,5,0.0006477732793522,MonoRF,0.2144595999998273,,,,,,,,,0,0.0,319.59375,0.6623481781376518,0.2172745833133267,0.0650386028287311,0.5800711743772242,0.1352154531946508,3.1707867782754224,0.7352495597870057,0.0,0.0,0.0,0.0,0.6591542162572803,
compas_real,46,6172,3949,988,1235,5,0.0006477732793522,MonoScore,0.0057171000080415,,,,,,,,,0,0.0,319.58984375,0.68582995951417,0.2111320090617281,0.0648220497763034,0.498220640569395,0.1604754829123328,2.812054168671641,0.7374479808368541,0.0,0.0,0.0,0.0,0.6854899974677133,
compas_real,46,6172,3949,988,1235,5,0.0006477732793522,MonoXGB1,0.0025479000032646,,,,,,,,,0,0.0,319.58984375,0.6510121457489878,0.2139196246862411,0.0205134380201578,0.6067615658362989,0.1337295690936107,3.301266967368716,0.7125369488083844,0.0,0.0,0.0,0.0,0.6670043048873132,
compas_real,46,6172,3949,988,1235,5,0.0006477732793522,ODT,0.0565868999983649,OPTIMAL,1263.0,1263.0,0.0,0.0,0.0347125,20.0,20.0,0,0.0,318.234375,0.682591093117409,0.3174089068825911,0.317408906882591,0.4145907473309608,0.2362555720653789,2.545464880785562,0.6745768403018301,0.0,0.0,0.0,0.0,0.6801721954925297,
compas_real,46,6172,3949,988,1235,5,0.0006477732793522,XGB-Mono,0.0589475000015227,,,,,,,,,0,0.0,319.5703125,0.6842105263157895,0.2051605284214019,0.0221326022646446,0.4163701067615658,0.2317979197622585,2.5454463733323465,0.7425110912523201,0.0,0.0,0.0,0.0,0.6991643454038997,
compas_real,47,6172,3949,988,1235,5,0.000161943319838,CART,0.0012424000015016,,,,,,,,,0,0.0,316.40625,0.6672064777327935,0.214284861027608,0.0203675564029103,0.5604982206405694,0.1426448736998514,3.0877808506025497,0.7049806200525612,0.0,0.0,0.0,0.0,0.6756140795138009,
compas_real,47,6172,3949,988,1235,5,0.000161943319838,EMDT,0.0683457999984966,OPTIMAL,1320.0,1320.0,0.0,0.0,0.0444479,20.0,20.0,0,0.0,317.9140625,0.676923076923077,0.3230769230769231,0.3230769230769231,0.4626334519572954,0.2065378900445765,2.7262430398756297,0.6654143289990639,0.0,0.0,0.0,0.0,0.6657381615598886,
compas_real,47,6172,3949,988,1235,5,0.000161943319838,EMDT-Cell,0.0673498999967705,OPTIMAL,1298.0,1298.0,0.0,0.0,0.0288266,20.0,20.0,20,0.0,318.8515625,0.6874493927125506,0.3125506072874494,0.3125506072874494,0.4021352313167259,0.237741456166419,2.486159068916468,0.6800616562584275,0.0,0.0,0.0,0.0,0.6713091922005571,
compas_real,47,6172,3949,988,1235,5,0.000161943319838,EMDT-Iso,0.0692549999948823,OPTIMAL,1320.0,1320.0,0.0,0.0,0.0444479,20.0,20.0,0,0.0009091999963857,317.9140625,0.676923076923077,0.2187212505609246,0.0048597080948398,0.4626334519572954,0.2065378900445765,2.7262430398756297,0.6654143289990639,0.0,0.0,0.0,0.0,0.6657381615598886,
compas_real,47,6172,3949,988,1235,5,0.000161943319838,LGBM-Adv,0.0306233000010252,,,,,,,,,0,0.0,319.14453125,0.6777327935222672,0.205247444190964,0.0385023178452908,0.4128113879003559,0.2466567607726597,2.557370461047099,0.741953223733958,0.0,0.0,0.0,0.0,0.690554570777412,
compas_real,47,6172,3949,988,1235,5,0.000161943319838,LGBM-Mono,0.0273504000069806,,,,,,,,,0,0.0,319.125,0.6890688259109312,0.2048848404454987,0.029303161530604,0.4039145907473309,0.2332838038632986,2.486140561463252,0.7420166778592694,0.0,0.0,0.0,0.0,0.6887819701190174,
compas_real,47,6172,3949,988,1235,5,0.000161943319838,MonoRF,0.2135579000023426,,,,,,,,,0,0.0,318.8515625,0.6615384615384615,0.2191570261005312,0.0709102953910107,0.5871886120996441,0.1307578008915304,3.197458662281281,0.730532803138864,0.0,0.0,0.0,0.0,0.6589009875917954,
compas_real,47,6172,3949,988,1235,5,0.000161943319838,MonoScore,0.006666800007224,,,,,,,,,0,0.0,319.14453125,0.6842105263157895,0.212481502947445,0.0712015063736766,0.5,0.1619613670133729,2.823922734026746,0.7333776630903217,0.0,0.0,0.0,0.0,0.6761205368447708,
compas_real,47,6172,3949,988,1235,5,0.000161943319838,MonoXGB1,0.0022189000010257,,,,,,,,,0,0.0,318.8515625,0.6526315789473685,0.2158748805522918,0.0233262498007129,0.599644128113879,0.1367013372956909,3.271623315160777,0.7037022838197268,0.0,0.0,0.0,0.0,0.6621929602430995,
compas_real,47,6172,3949,988,1235,5,0.000161943319838,ODT,0.0576712000038242,OPTIMAL,1298.0,1298.0,0.0,0.0,0.0363029,20.0,20.0,0,0.0,317.390625,0.6874493927125506,0.3125506072874494,0.3125506072874494,0.4021352313167259,0.237741456166419,2.486159068916468,0.6800616562584275,0.0,0.0,0.0,0.0,0.6713091922005571,
compas_real,47,6172,3949,988,1235,5,0.000161943319838,XGB-Mono,0.0597208999970462,,,,,,,,,0,0.0,319.06640625,0.6785425101214575,0.204633891582489,0.0334198366586676,0.4074733096085409,0.2496285289747399,2.5366236059921845,0.7425864430261273,0.0,0.0,0.0,0.0,0.6915674854393518,
compas_real,48,6172,3949,988,1235,5,0.000161943319838,CART,0.0011888000008184,,,,,,,,,0,0.0,316.640625,0.682591093117409,0.2110105086343717,0.0176672535199695,0.4590747330960854,0.1991084695393759,2.693590604559179,0.7172272662376463,0.0,0.0,0.0,0.0,0.6796657381615598,
compas_real,48,6172,3949,988,1235,5,0.000161943319838,EMDT,0.0699541000067256,OPTIMAL,1313.0,1313.0,0.0,0.0,0.0481577,20.0,20.0,0,0.0,318.02734375,0.668825910931174,0.3311740890688259,0.3311740890688259,0.396797153024911,0.2763744427934621,2.5367346507114794,0.6634142020908134,0.0,0.0,0.0,0.0,0.6675107622182831,
compas_real,48,6172,3949,988,1235,5,0.000161943319838,EMDT-Cell,0.0724056000035489,OPTIMAL,1284.0,1284.0,0.0,0.0,0.0346745,20.0,20.0,20,0.0,319.2109375,0.6753036437246963,0.3246963562753036,0.3246963562753036,0.3701067615658363,0.2867756315007429,2.424085070830668,0.6715588034667105,0.0,0.0,0.0,0.0,0.6748543935173462,
compas_real,48,6172,3949,988,1235,5,0.000161943319838,EMDT-Iso,0.0708902000042144,OPTIMAL,1313.0,1313.0,0.0,0.0,0.0481577,20.0,20.0,0,0.0009360999974887,318.02734375,0.668825910931174,0.2211820541457538,0.0088462839103502,0.396797153024911,0.2763744427934621,2.5367346507114794,0.6634142020908134,0.0,0.0,0.0,0.0,0.6675107622182831,
compas_real,48,6172,3949,988,1235,5,0.000161943319838,LGBM-Adv,0.0267582000087713,,,,,,,,,0,0.0,319.25390625,0.6955465587044535,0.2020594059851982,0.0237445095784467,0.400355871886121,0.2243684992570579,2.450516357944721,0.748679361016958,0.0,0.0,0.0,0.0,0.6920739427703216,
compas_real,48,6172,3949,988,1235,5,0.000161943319838,LGBM-Mono,0.0284791000012774,,,,,,,,,0,0.0,319.24609375,0.691497975708502,0.201920365717488,0.0241305160327718,0.3914590747330961,0.2392273402674591,2.435750054200399,0.7495531772009327,0.0,0.0,0.0,0.0,0.6915674854393518,
compas_real,48,6172,3949,988,1235,5,0.000161943319838,MonoRF,0.2094286000065039,,,,,,,,,0,0.0,319.2109375,0.674493927125506,0.2161182432669114,0.0790561617227434,0.5373665480427047,0.1485884101040119,2.984009560421547,0.7387289609915765,0.0,0.0,0.0,0.0,0.6644720182324639,
compas_real,48,6172,3949,988,1235,5,0.000161943319838,MonoScore,0.0045720999914919,,,,,,,,,0,0.0,319.25390625,0.6874493927125506,0.2125691197515888,0.0702442524157248,0.4857651245551601,0.1679049034175334,2.7646354296108675,0.7352878966543812,0.0,0.0,0.0,0.0,0.6796657381615598,
compas_real,48,6172,3949,988,1235,5,0.000161943319838,MonoXGB1,0.0022561000077985,,,,,,,,,0,0.0,319.2109375,0.6672064777327935,0.2120679169893264,0.0209791681061871,0.49644128113879,0.1961367013372957,2.874479808368541,0.7183297816649306,0.0,0.0,0.0,0.0,0.6720688781970119,
compas_real,48,6172,3949,988,1235,5,0.000161943319838,ODT,0.0568580999970436,OPTIMAL,1284.0,1284.0,0.0,0.0,0.0349673,20.0,20.0,0,0.0,317.44921875,0.6753036437246963,0.3246963562753036,0.3246963562753036,0.3701067615658363,0.2867756315007429,2.424085070830668,0.6715588034667105,0.0,0.0,0.0,0.0,0.6748543935173462,
compas_real,48,6172,3949,988,1235,5,0.000161943319838,XGB-Mono,0.0578608000068925,,,,,,,,,0,0.0,319.23828125,0.6906882591093118,0.2021628767251968,0.0271535480394959,0.3843416370106761,0.2466567607726597,2.4150217065987003,0.748215352725619,0.0,0.0,0.0,0.0,0.6913142567738668,
compas_real,49,6172,3949,988,1235,5,0.0003238866396761,CART,0.0011589000059757,,,,,,,,,0,0.0,316.828125,0.6704453441295547,0.2114986337470729,0.0396864641582154,0.5444839857651246,0.150074294205052,3.022568517235727,0.7196570304526924,0.0,0.0,0.0005,1.04194289755149e-05,0.6768802228412256,
compas_real,49,6172,3949,988,1235,5,0.0003238866396761,EMDT,0.071643999996013,OPTIMAL,1292.0,1292.0,0.0,0.0,0.0496879,20.0,20.0,0,0.0,318.38671875,0.6704453441295547,0.3295546558704453,0.3295546558704453,0.5284697508896797,0.163447251114413,2.969243256677225,0.6540414989979536,0.0,0.0,0.0,0.0,0.6728285641934667,
compas_real,49,6172,3949,988,1235,5,0.0003238866396761,EMDT-Cell,0.0667664999928092,OPTIMAL,1265.0,1265.0,0.0,0.0,0.0286868,20.0,20.0,20,0.0,319.6640625,0.674493927125506,0.3255060728744939,0.3255060728744938,0.4608540925266904,0.212481426448737,2.729233315530926,0.6633322405122862,0.0,0.0,0.0,0.0,0.6796657381615598,
compas_real,49,6172,3949,988,1235,5,0.0003238866396761,EMDT-Iso,0.0724862000060966,OPTIMAL,1292.0,1292.0,0.0,0.0,0.0496879,20.0,20.0,0,0.0008422000100836,318.38671875,0.6704453441295547,0.2207367281838834,0.0150077603941693,0.5284697508896797,0.163447251114413,2.969243256677225,0.6540414989979536,0.0,0.0,0.0,0.0,0.6728285641934667,
compas_real,49,6172,3949,988,1235,5,0.0003238866396761,LGBM-Adv,0.0314511000033235,,,,,,,,,0,0.0,319.94921875,0.6923076923076923,0.2031896622372975,0.032042163707741,0.4270462633451957,0.2080237741456166,2.551278865017212,0.7424040124158572,0.0,0.0,0.0,0.0,0.6933400860977462,
compas_real,49,6172,3949,988,1235,5,0.0003238866396761,LGBM-Mono,0.027170000001206,,,,,,,,,0,0.0,319.9453125,0.6906882591093118,0.2030452495158735,0.0348765250161491,0.4306049822064057,0.2080237741456166,2.569072459323261,0.7451325398042441,0.0,0.0,0.0,0.0,0.6951126867561408,
compas_real,49,6172,3949,988,1235,5,0.0003238866396761,MonoRF,0.2099826000048779,,,,,,,,,0,0.0,319.6640625,0.668825910931174,0.2160456275368981,0.0768521415826492,0.5747330960854092,0.1277860326894502,3.1292375458059465,0.7344801785176058,0.0,0.0,0.0,0.0,0.664218789566979,
compas_real,49,6172,3949,988,1235,5,0.0003238866396761,MonoScore,0.0076105000043753,,,,,,,,,0,0.0,319.953125,0.6809716599190283,0.2115457577070036,0.0628228404551493,0.5266903914590747,0.1456166419019316,2.9246852410992368,0.7392154426189632,0.0,0.0,0.0,0.0,0.6761205368447708,
compas_real,49,6172,3949,988,1235,5,0.0003238866396761,MonoXGB1,0.0022158000065246,,,,,,,,,0,0.0,319.6640625,0.6558704453441295,0.2122400403022766,0.0335791274965533,0.594306049822064,0.1352154531946508,3.241961155499622,0.7166482473441804,0.0,0.0,0.0,0.0,0.6652317042289188,
compas_real,49,6172,3949,988,1235,5,0.0003238866396761,ODT,0.0543310999928507,OPTIMAL,1265.0,1265.0,0.0,0.0,0.0330751,20.0,20.0,0,0.0,317.62109375,0.674493927125506,0.3255060728744939,0.3255060728744938,0.4608540925266904,0.212481426448737,2.729233315530926,0.6633322405122862,0.0,0.0,0.0,0.0,0.6796657381615598,
compas_real,49,6172,3949,988,1235,5,0.0003238866396761,XGB-Mono,0.0580170000030193,,,,,,,,,0,0.0,319.9375,0.6931174089068826,0.2028430998325348,0.0285514720583613,0.4217081850533807,0.2109955423476968,2.530532009962297,0.746261494450408,0.0,0.0,0.0,0.0,0.6953659154216257,
compas_real,50,6172,3949,988,1235,5,0.0008097165991902,CART,0.0012349000026006,,,,,,,,,0,0.0,317.2578125,0.6672064777327935,0.2132567907071038,0.031950679016759,0.4395017793594306,0.2436849925705795,2.684878881938312,0.7126797205903348,0.0,0.0,0.0,0.0,0.6713091922005571,
compas_real,50,6172,3949,988,1235,5,0.0008097165991902,EMDT,0.0825558000069577,OPTIMAL,1312.0,1312.0,0.0,0.0,0.0571285,20.0,20.0,0,0.0,318.5859375,0.6696356275303643,0.3303643724696356,0.3303643724696356,0.4056939501779359,0.2674591381872214,2.5633880272641223,0.6634234558174212,0.0,0.0,0.0,0.0,0.667763990883768,
compas_real,50,6172,3949,988,1235,5,0.0008097165991902,EMDT-Cell,0.0796928000054322,OPTIMAL,1288.0,1288.0,0.0,0.0,0.0374878,20.0,20.0,20,0.0,319.6015625,0.671255060728745,0.3287449392712551,0.3287449392712551,0.3505338078291815,0.3105497771173848,2.373768593380677,0.6694582075267168,0.0,0.0,0.0,0.0,0.6738414788554065,
compas_real,50,6172,3949,988,1235,5,0.0008097165991902,EMDT-Iso,0.0832721000042511,OPTIMAL,1312.0,1312.0,0.0,0.0,0.0571285,20.0,20.0,0,0.0007162999972933,318.5859375,0.6696356275303643,0.2211918019744216,0.0143344583121074,0.4056939501779359,0.2674591381872214,2.5633880272641223,0.6634234558174212,0.0,0.0,0.0,0.0,0.667763990883768,
compas_real,50,6172,3949,988,1235,5,0.0008097165991902,LGBM-Adv,0.0326388000103179,,,,,,,,,0,0.0,319.7890625,0.6947368421052632,0.2048015936681706,0.0328827613504377,0.3879003558718861,0.2362555720653789,2.412012923490188,0.7380944197384632,0.0,0.0,0.0,0.0,0.6887819701190174,
compas_real,50,6172,3949,988,1235,5,0.0008097165991902,LGBM-Mono,0.0320819000044139,,,,,,,,,0,0.0,319.78515625,0.6947368421052632,0.2049042464202499,0.0382339687243203,0.3896797153024911,0.2347696879643387,2.4179379524411333,0.7389814555318778,0.0,0.0,0.0,0.0,0.6880222841225627,
compas_real,50,6172,3949,988,1235,5,0.0008097165991902,MonoRF,0.27578560000984,,,,,,,,,0,0.0,319.60546875,0.6680161943319838,0.2182295216712952,0.0700407204396009,0.5604982206405694,0.1411589895988113,3.084809082400469,0.726043423773088,0.0,0.0,0.0,0.0,0.6553557862750063,
compas_real,50,6172,3949,988,1235,5,0.0008097165991902,MonoScore,0.0045787999988533,,,,,,,,,0,0.0,319.7890625,0.6898785425101215,0.2133370982232206,0.0694707526999709,0.4875444839857651,0.1619613670133729,2.7616451539555715,0.728200864033673,0.0,0.0,0.0,0.0,0.6746011648518613,
compas_real,50,6172,3949,988,1235,5,0.0008097165991902,MonoXGB1,0.0023596999963046,,,,,,,,,0,0.0,319.6015625,0.6639676113360324,0.2123148143291473,0.0162047040848597,0.5871886120996441,0.1263001485884101,3.188543357675041,0.7152099538371238,0.0,0.0,0.0,0.0,0.6576348442643707,
compas_real,50,6172,3949,988,1235,5,0.0008097165991902,ODT,0.064587400003802,OPTIMAL,1288.0,1288.0,0.0,0.0,0.0388404,20.0,20.0,0,0.0,318.203125,0.671255060728745,0.3287449392712551,0.3287449392712551,0.3505338078291815,0.3105497771173848,2.373768593380677,0.6694582075267168,0.0,0.0,0.0,0.0,0.6738414788554065,
compas_real,50,6172,3949,988,1235,5,0.0008097165991902,XGB-Mono,0.0623628000030294,,,,,,,,,0,0.0,319.7734375,0.6995951417004048,0.2050814777612686,0.0424921267993959,0.3861209964412811,0.2288261515601783,2.388257285326762,0.7381750593560463,0.0,0.0,0.0,0.0,0.6890351987845024,
compas_real,51,6172,3949,988,1235,5,0.0003238866396761,CART,0.0015319999947678,,,,,,,,,0,0.0,318.6953125,0.6663967611336032,0.2158702057669225,0.0236510323435331,0.4786476868327402,0.212481426448737,2.818201287061175,0.7047387011998119,0.0,0.0,0.0,0.0,0.6789060521651051,
compas_real,51,6172,3949,988,1235,5,0.0003238866396761,EMDT,0.080672099997173,OPTIMAL,1295.0,1295.0,0.0,0.0,0.0520237,20.0,20.0,0,0.0,319.9765625,0.6680161943319838,0.3319838056680162,0.3319838056680161,0.4768683274021352,0.2109955423476968,2.80633272170607,0.6560680651250839,0.0,0.0,0.0,0.0,0.6720688781970119,
compas_real,51,6172,3949,988,1235,5,0.0003238866396761,EMDT-Cell,0.0840026999940164,OPTIMAL,1281.0,1281.0,0.0,0.0,0.0311694,20.0,20.0,20,0.0,320.1640625,0.676923076923077,0.3230769230769231,0.3230769230769231,0.398576512455516,0.2600297176820208,2.512941997641622,0.6706968849312316,0.0,0.0,0.0,0.0,0.6756140795138009,
compas_real,51,6172,3949,988,1235,5,0.0003238866396761,EMDT-Iso,0.0816698999988148,OPTIMAL,1295.0,1295.0,0.0,0.0,0.0520237,20.0,20.0,0,0.0009978000016417,319.9765625,0.6680161943319838,0.2218517618502946,0.0100849658563456,0.4768683274021352,0.2109955423476968,2.80633272170607,0.6560680651250839,0.0,0.0,0.0,0.0,0.6720688781970119,
compas_real,51,6172,3949,988,1235,5,0.0003238866396761,LGBM-Adv,0.0328071999974781,,,,,,,,,0,0.0,320.15234375,0.68582995951417,0.2095444631418106,0.0368357518615986,0.4074733096085409,0.2362555720653789,2.5098776921734625,0.72774214358611,0.0,0.0,0.0,0.0,0.6930868574322613,
compas_real,51,6172,3949,988,1235,5,0.0003238866396761,LGBM-Mono,0.0295203999994555,,,,,,,,,0,0.0,320.14453125,0.682591093117409,0.2092431355563632,0.0289746558532208,0.4110320284697509,0.2392273402674591,2.533614822883673,0.7294725904617874,0.0,0.0,0.0,0.0,0.6928336287667763,
compas_real,51,6172,3949,988,1235,5,0.0003238866396761,MonoRF,0.2648966999986442,,,,,,,,,0,0.0,320.1640625,0.6510121457489878,0.2210743642847573,0.0564572678318035,0.5640569395017794,0.1693907875185735,3.159066272546044,0.7127881213877418,0.0,0.0,0.0,0.0,0.6733350215244366,
compas_real,51,6172,3949,988,1235,5,0.0003238866396761,MonoScore,0.0062780999869573,,,,,,,,,0,0.0,320.15234375,0.6615384615384615,0.2157543000918123,0.0562000285592527,0.5355871886120996,0.1738484398216939,3.0256328227038862,0.7266396281588257,0.0,0.0,0.0,0.0,0.6816915674854394,
compas_real,51,6172,3949,988,1235,5,0.0003238866396761,MonoXGB1,0.0028810999938286,,,,,,,,,0,0.0,320.1640625,0.6453441295546559,0.2165197730064392,0.0116013965746651,0.6316725978647687,0.1233283803863298,3.405019750096504,0.7011244599789543,0.0,0.0,0.0,0.0,0.6667510762218283,
compas_real,51,6172,3949,988,1235,5,0.0003238866396761,ODT,0.0695728999999119,OPTIMAL,1281.0,1281.0,0.0,0.0,0.0388277,20.0,20.0,0,0.0,319.45703125,0.676923076923077,0.3230769230769231,0.3230769230769231,0.398576512455516,0.2600297176820208,2.512941997641622,0.6706968849312316,0.0,0.0,0.0,0.0,0.6756140795138009,
compas_real,51,6172,3949,988,1235,5,0.0003238866396761,XGB-Mono,0.0636779000051319,,,,,,,,,0,0.0,320.14453125,0.6793522267206478,0.2097237110137939,0.0251095734770421,0.4217081850533807,0.2362555720653789,2.581052069397661,0.7285022711289018,0.0,0.0,0.0,0.0,0.6920739427703216,
german_real,42,1000,640,160,200,5,0.002,CART,0.0036025000008521,,,,,,,,,0,0.0,186.04296875,0.705,0.2123490804596985,0.072869332421964,0.8,0.0785714285714285,4.1571428571428575,0.5254166666666666,0.099,0.0414743145743145,0.018,0.0049672438672438,0.740625,
german_real,42,1000,640,160,200,5,0.002,EMDT,30.3484507999965,FEASIBLE,182.0,66.0,0.6373626373626373,0.6373626373626373,30.0092971,449.0,18.0,0,0.0,227.01953125,0.705,0.295,0.295,0.9166666666666666,0.0285714285714285,4.64047619047619,0.5273809523809524,0.0,0.0,0.0,0.0,0.715625,
german_real,42,1000,640,160,200,5,0.002,EMDT-Cell,32.13817849999759,FEASIBLE,181.0,66.0,0.6353591160220995,0.6353591160220995,30.0186142,449.0,18.0,2000,0.0,307.52734375,0.71,0.29,0.29,0.8833333333333333,0.0357142857142857,4.488095238095237,0.5404761904761906,0.0,0.0,0.0,0.0,0.7171875,
german_real,42,1000,640,160,200,5,0.002,EMDT-Iso,30.351026199990883,FEASIBLE,182.0,66.0,0.6373626373626373,0.6373626373626373,30.0092971,449.0,18.0,0,0.0025753999943844,227.01953125,0.705,0.2075701358127568,0.0143708609271522,0.9166666666666666,0.0285714285714285,4.64047619047619,0.5273809523809524,0.0,0.0,0.0,0.0,0.715625,
german_real,42,1000,640,160,200,5,0.002,LGBM-Adv,0.0164493000047514,,,,,,,,,0,0.0,423.33984375,0.725,0.192541397696688,0.0464076529889003,0.75,0.0714285714285714,3.892857142857143,0.654702380952381,0.0,0.0,0.0,0.0,0.73125,
german_real,42,1000,640,160,200,5,0.002,LGBM-Mono,0.0273492999986046,,,,,,,,,0,0.0,423.01953125,0.715,0.1956848008159085,0.0345549028950168,0.75,0.0857142857142857,3.9214285714285713,0.6514880952380951,0.0,0.0,0.0,0.0,0.728125,
german_real,42,1000,640,160,200,5,0.002,MonoRF,0.2097761000040918,,,,,,,,,0,0.0,420.5078125,0.71,0.1959308608166259,0.039550638664732,0.95,0.0071428571428571,4.764285714285714,0.6601190476190476,0.0,0.0,0.0,0.0,0.7171875,
german_real,42,1000,640,160,200,5,0.002,MonoScore,0.0080696000077296,,,,,,,,,0,0.0,423.56640625,0.71,0.1983968401873145,0.024018431088239,0.9333333333333332,0.0142857142857142,4.695238095238095,0.6433333333333333,0.0,0.0,0.0,0.0,0.7125,
german_real,42,1000,640,160,200,5,0.002,MonoXGB1,0.1408234999980777,,,,,,,,,0,0.0,419.57421875,0.7,0.2096077352762222,0.0616078169643878,0.8166666666666667,0.0785714285714285,4.240476190476191,0.5591071428571428,0.0,0.0,0.0,0.0,0.7265625,
german_real,42,1000,640,160,200,5,0.002,ODT,30.376745200002915,FEASIBLE,177.0,66.0,0.6271186440677966,0.6271186440677966,30.0056665,449.0,18.0,0,0.0,208.80859375,0.67,0.33,0.33,0.8666666666666667,0.1,4.533333333333334,0.5166666666666666,0.2345,0.2345,0.0385,0.0385,0.7234375,
german_real,42,1000,640,160,200,5,0.002,XGB-Mono,0.0288269000011496,,,,,,,,,0,0.0,421.41796875,0.7,0.1979126036167144,0.0684239112213254,0.8,0.0857142857142857,4.171428571428572,0.6482142857142857,0.0,0.0,0.0,0.0,0.734375,
german_real,43,1000,640,160,200,5,0.001,CART,0.0010515000030864,,,,,,,,,0,0.0,317.62890625,0.695,0.2087062805155223,0.0407052768796866,0.95,0.0285714285714285,4.807142857142857,0.5891666666666667,0.12,0.039366738227306,0.008,0.0030403339054454,0.740625,
german_real,43,1000,640,160,200,5,0.001,EMDT,4.21009240001149,OPTIMAL,181.0,181.0,0.0,0.0,3.7743398,449.0,18.0,0,0.0,342.21875,0.71,0.29,0.29,0.9333333333333332,0.0142857142857142,4.695238095238095,0.5261904761904762,0.0,0.0,0.0,0.0,0.7171875,
german_real,43,1000,640,160,200,5,0.001,EMDT-Cell,32.49926259998756,FEASIBLE,187.0,58.0,0.6898395721925134,0.6898395721925134,30.019154500000003,449.0,18.0,2000,0.0,426.03125,0.72,0.28,0.2799999999999999,0.7666666666666667,0.0714285714285714,3.976190476190476,0.5809523809523809,0.0,0.0,0.0,0.0,0.7078125,
german_real,43,1000,640,160,200,5,0.001,EMDT-Iso,4.210779300003196,OPTIMAL,181.0,181.0,0.0,0.0,3.7743398,449.0,18.0,0,0.000686899991706,342.21875,0.7,0.20668746837578,0.0084415584415585,1.0,0.0,5.0,0.5261904761904762,0.0,0.0,0.0,0.0,0.7,
german_real,43,1000,640,160,200,5,0.001,LGBM-Adv,0.0157798000000184,,,,,,,,,0,0.0,428.8359375,0.725,0.2046038129757298,0.0755630530722896,0.7666666666666667,0.0642857142857142,3.961904761904762,0.6022619047619048,0.0,0.0,0.0,0.0,0.7359375,
german_real,43,1000,640,160,200,5,0.001,LGBM-Mono,0.0127495999913662,,,,,,,,,0,0.0,428.578125,0.725,0.2065897384714493,0.094393174766917,0.7333333333333333,0.0785714285714285,3.823809523809524,0.6105952380952381,0.0,0.0,0.0,0.0,0.7296875,
german_real,43,1000,640,160,200,5,0.001,MonoRF,0.2006000999972457,,,,,,,,,0,0.0,426.6875,0.705,0.2001291323649349,0.0364755976882061,0.95,0.0142857142857142,4.7785714285714285,0.6196428571428572,0.0,0.0,0.0,0.0,0.725,
german_real,43,1000,640,160,200,5,0.001,MonoScore,0.001846099999966,,,,,,,,,0,0.0,428.84375,0.7,0.2008261387083577,0.0440693476707164,0.9166666666666666,0.0357142857142857,4.654761904761904,0.6115476190476189,0.0,0.0,0.0,0.0,0.7203125,
german_real,43,1000,640,160,200,5,0.001,MonoXGB1,0.0019384000042919,,,,,,,,,0,0.0,426.58984375,0.69,0.2179154157638549,0.0762002632021904,0.95,0.0357142857142857,4.821428571428571,0.5411904761904762,0.0,0.0,0.0,0.0,0.725,
german_real,43,1000,640,160,200,5,0.001,ODT,30.479096199997,FEASIBLE,175.0,57.0,0.6742857142857143,0.6742857142857143,30.0083291,449.0,18.0,0,0.0,325.140625,0.715,0.285,0.285,0.8166666666666667,0.0571428571428571,4.197619047619047,0.5630952380952381,0.006,0.006,0.008,0.008,0.7265625,
german_real,43,1000,640,160,200,5,0.001,XGB-Mono,0.0219091000035405,,,,,,,,,0,0.0,427.91015625,0.715,0.205803170800209,0.0905638889037072,0.7666666666666667,0.0785714285714285,3.9904761904761914,0.6164880952380952,0.0,0.0,0.0,0.0,0.7375,
german_real,44,1000,640,160,200,5,0.001,CART,0.0010613999911583,,,,,,,,,0,0.0,318.7109375,0.705,0.2094917438243417,0.0851283157817502,0.7666666666666667,0.0928571428571428,4.019047619047619,0.6039285714285715,0.293,0.1113783517441523,0.029,0.0095899977215766,0.7375,
german_real,44,1000,640,160,200,5,0.001,EMDT,4.014696299986099,OPTIMAL,183.0,183.0,0.0,0.0,3.5349798000000003,438.0,18.0,0,0.0,340.78515625,0.725,0.275,0.275,0.8833333333333333,0.0142857142857142,4.445238095238095,0.5511904761904762,0.0,0.0,0.0,0.0,0.7140625,
german_real,44,1000,640,160,200,5,0.001,EMDT-Cell,32.52173340000445,FEASIBLE,183.0,61.0,0.6666666666666666,0.6666666666666666,30.023673400000003,438.0,18.0,2000,0.0,420.265625,0.725,0.275,0.275,0.8833333333333333,0.0142857142857142,4.445238095238095,0.5511904761904762,0.0,0.0,0.0,0.0,0.7140625,
german_real,44,1000,640,160,200,5,0.001,EMDT-Iso,4.015350399975432,OPTIMAL,183.0,183.0,0.0,0.0,3.5349798000000003,438.0,18.0,0,0.0006540999893331,340.78515625,0.7,0.2085350057746005,0.0396026490066227,1.0,0.0,5.0,0.5511904761904762,0.0,0.0,0.0,0.0,0.7,
german_real,44,1000,640,160,200,5,0.001,LGBM-Adv,0.013153499996406,,,,,,,,,0,0.0,422.6875,0.745,0.197321539392296,0.0895315700415874,0.7333333333333333,0.05,3.7666666666666666,0.6233333333333334,0.0,0.0,0.0,0.0,0.7359375,
german_real,44,1000,640,160,200,5,0.001,LGBM-Mono,0.0126105999952415,,,,,,,,,0,0.0,422.66015625,0.745,0.2025831807574743,0.1045057520271208,0.7,0.0642857142857142,3.628571428571429,0.609404761904762,0.0,0.0,0.0,0.0,0.7375,
german_real,44,1000,640,160,200,5,0.001,MonoRF,0.2113594999973429,,,,,,,,,0,0.0,420.921875,0.72,0.1983860383970153,0.0687985711963542,0.9,0.0142857142857142,4.5285714285714285,0.6113095238095237,0.0,0.0,0.0,0.0,0.71875,
german_real,44,1000,640,160,200,5,0.001,MonoScore,0.0018348000012338,,,,,,,,,0,0.0,422.69140625,0.72,0.2031590491976461,0.0847156449270248,0.8666666666666667,0.0285714285714285,4.390476190476191,0.5838095238095239,0.0,0.0,0.0,0.0,0.7203125,
german_real,44,1000,640,160,200,5,0.001,MonoXGB1,0.0019534000020939,,,,,,,,,0,0.0,420.82421875,0.69,0.2158686518669128,0.0969309917092323,0.9333333333333332,0.0428571428571428,4.752380952380952,0.5748809523809523,0.0,0.0,0.0,0.0,0.7203125,
german_real,44,1000,640,160,200,5,0.001,ODT,30.70811870000034,FEASIBLE,176.0,61.0,0.6534090909090909,0.6534090909090909,30.261304900000003,438.0,18.0,0,0.0,324.36328125,0.72,0.28,0.28,0.8,0.0571428571428571,4.114285714285714,0.5714285714285714,0.3875,0.3875,0.0235,0.0235,0.725,
german_real,44,1000,640,160,200,5,0.001,XGB-Mono,0.026083099990501,,,,,,,,,0,0.0,422.078125,0.715,0.2081024944782257,0.0983520123362541,0.75,0.0857142857142857,3.9214285714285713,0.599702380952381,0.0,0.0,0.0,0.0,0.728125,
german_real,45,1000,640,160,200,5,0.0,CART,0.0009852000075625,,,,,,,,,0,0.0,318.828125,0.725,0.2003491592864879,0.05209547325359,0.7666666666666667,0.0642857142857142,3.961904761904762,0.6304761904761905,0.2395,0.0540419522052363,0.083,0.013061517724876,0.7203125,
german_real,45,1000,640,160,200,5,0.0,EMDT,3.848934499997995,OPTIMAL,180.0,180.0,0.0,0.0,3.4257253000000003,441.0,18.0,0,0.0,340.56640625,0.69,0.31,0.31,0.85,0.0785714285714285,4.4071428571428575,0.5357142857142857,0.0,0.0,0.0,0.0,0.71875,
german_real,45,1000,640,160,200,5,0.0,EMDT-Cell,32.476170800000546,FEASIBLE,176.0,60.0,0.6590909090909091,0.6590909090909091,30.022346,441.0,18.0,2000,0.0,421.14453125,0.7,0.3,0.2999999999999999,0.8833333333333333,0.05,4.516666666666666,0.5333333333333333,0.0,0.0,0.0,0.0,0.725,
german_real,45,1000,640,160,200,5,0.0,EMDT-Iso,3.8496078999887686,OPTIMAL,180.0,180.0,0.0,0.0,3.4257253000000003,441.0,18.0,0,0.0006733999907737,340.56640625,0.69,0.20890625,0.0225000000000001,0.85,0.0785714285714285,4.4071428571428575,0.5357142857142857,0.0,0.0,0.0,0.0,0.71875,
german_real,45,1000,640,160,200,5,0.0,LGBM-Adv,0.0149181999877328,,,,,,,,,0,0.0,423.59765625,0.73,0.1960899834307251,0.0521605531182739,0.7833333333333333,0.05,4.016666666666667,0.6492857142857144,0.0,0.0,0.0,0.0,0.734375,
german_real,45,1000,640,160,200,5,0.0,LGBM-Mono,0.0120267000020248,,,,,,,,,0,0.0,423.30859375,0.71,0.1957167200431536,0.0442305306962823,0.7833333333333333,0.0785714285714285,4.073809523809524,0.6604761904761904,0.0,0.0,0.0,0.0,0.734375,
german_real,45,1000,640,160,200,5,0.0,MonoRF,0.2121005999943008,,,,,,,,,0,0.0,421.75,0.71,0.1957672830646633,0.0284913182205632,0.95,0.0071428571428571,4.764285714285714,0.6571428571428571,0.0,0.0,0.0,0.0,0.7140625,
german_real,45,1000,640,160,200,5,0.0,MonoScore,0.0028585999971255,,,,,,,,,0,0.0,423.6015625,0.715,0.1937813475239338,0.0383659070675689,0.9333333333333332,0.0071428571428571,4.680952380952381,0.6783333333333333,0.0,0.0,0.0,0.0,0.703125,
german_real,45,1000,640,160,200,5,0.0,MonoXGB1,0.0020041999960085,,,,,,,,,0,0.0,421.6640625,0.72,0.2028218805789947,0.0481673374772071,0.8833333333333333,0.0214285714285714,4.459523809523809,0.6054761904761906,0.0,0.0,0.0,0.0,0.71875,
german_real,45,1000,640,160,200,5,0.0,ODT,30.345370000010007,FEASIBLE,171.0,60.0,0.6491228070175439,0.6491228070175439,29.9115275,441.0,18.0,0,0.0,326.51953125,0.67,0.33,0.3299999999999999,0.8166666666666667,0.1214285714285714,4.326190476190476,0.530952380952381,0.147,0.147,0.0345,0.0345,0.7328125,
german_real,45,1000,640,160,200,5,0.0,XGB-Mono,0.0223914999951375,,,,,,,,,0,0.0,422.97265625,0.695,0.1964604258537292,0.0723809096962213,0.7833333333333333,0.1,4.116666666666666,0.6533333333333333,0.0,0.0,0.0,0.0,0.7390625,
german_real,46,1000,640,160,200,5,0.0,CART,0.0011927000014111,,,,,,,,,0,0.0,318.5,0.705,0.2032158727663428,0.0401352816926518,0.8666666666666667,0.05,4.433333333333334,0.6150000000000001,0.0835,0.0443622588473585,0.0215,0.003528368964989,0.7296875,
german_real,46,1000,640,160,200,5,0.0,EMDT,3.908043199990061,OPTIMAL,186.0,186.0,0.0,0.0,3.491251,454.0,18.0,0,0.0,340.9609375,0.67,0.33,0.3299999999999999,0.9666666666666668,0.0571428571428571,4.947619047619047,0.488095238095238,0.0,0.0,0.0,0.0,0.709375,
german_real,46,1000,640,160,200,5,0.0,EMDT-Cell,32.58681609999621,FEASIBLE,184.0,63.0,0.657608695652174,0.657608695652174,30.0157817,454.0,18.0,2000,0.0,421.99609375,0.69,0.31,0.3099999999999999,0.9,0.0571428571428571,4.614285714285714,0.5214285714285714,0.0,0.0,0.0,0.0,0.7125,
german_real,46,1000,640,160,200,5,0.0,EMDT-Iso,3.908776999989641,OPTIMAL,186.0,186.0,0.0,0.0,3.491251,454.0,18.0,0,0.0007337999995797,340.9609375,0.67,0.2390774553995007,0.093500784929356,0.9666666666666668,0.0571428571428571,4.947619047619047,0.488095238095238,0.0,0.0,0.0,0.0,0.709375,
german_real,46,1000,640,160,200,5,0.0,LGBM-Adv,0.0197181999974418,,,,,,,,,0,0.0,424.75390625,0.725,0.1900160990875899,0.0929118220978501,0.8333333333333334,0.0357142857142857,4.238095238095238,0.6730357142857142,0.0,0.0,0.0,0.0,0.728125,
german_real,46,1000,640,160,200,5,0.0,LGBM-Mono,0.0121635999967111,,,,,,,,,0,0.0,424.48046875,0.715,0.1936168733316381,0.0838917524705487,0.8166666666666667,0.0571428571428571,4.197619047619047,0.6645238095238095,0.0,0.0,0.0,0.0,0.721875,
german_real,46,1000,640,160,200,5,0.0,MonoRF,0.2186076000070898,,,,,,,,,0,0.0,422.6328125,0.715,0.1954078503813484,0.0381439494296282,0.9333333333333332,0.0071428571428571,4.680952380952381,0.6557142857142856,0.0,0.0,0.0,0.0,0.7078125,
german_real,46,1000,640,160,200,5,0.0,MonoScore,0.0024058999988483,,,,,,,,,0,0.0,424.75390625,0.71,0.1991833187487253,0.05922931864616,0.9333333333333332,0.0142857142857142,4.695238095238095,0.636547619047619,0.0,0.0,0.0,0.0,0.70625,
german_real,46,1000,640,160,200,5,0.0,MonoXGB1,0.0020417000050656,,,,,,,,,0,0.0,422.55078125,0.695,0.2066583186388015,0.0754290318489075,0.9,0.05,4.6,0.610297619047619,0.0,0.0,0.0,0.0,0.71875,
german_real,46,1000,640,160,200,5,0.0,ODT,30.461985899994037,FEASIBLE,180.0,62.0,0.6555555555555556,0.6555555555555556,30.005187000000003,454.0,18.0,0,0.0,326.5,0.69,0.31,0.31,0.8333333333333334,0.0857142857142857,4.338095238095239,0.5404761904761904,0.0215,0.0215,0.016,0.016,0.71875,
german_real,46,1000,640,160,200,5,0.0,XGB-Mono,0.02564719998918,,,,,,,,,0,0.0,423.8515625,0.71,0.1962670683860778,0.0731689246743917,0.8,0.0714285714285714,4.142857142857143,0.6626785714285715,0.0,0.0,0.0,0.0,0.7234375,
german_real,47,1000,640,160,200,5,0.0,CART,0.0008463999984087,,,,,,,,,0,0.0,347.9140625,0.695,0.220200192714926,0.0548777267687772,0.9666666666666668,0.0214285714285714,4.876190476190476,0.5336904761904762,0.0245,0.0088918967915656,0.0005,0.0002834645669291,0.7125,
german_real,47,1000,640,160,200,5,0.0,EMDT,30.427854800000205,FEASIBLE,186.0,64.0,0.6559139784946236,0.6559139784946236,30.0098169,443.0,18.0,0,0.0,364.39453125,0.71,0.29,0.29,0.8333333333333334,0.0571428571428571,4.280952380952381,0.5547619047619047,0.0,0.0,0.0,0.0,0.709375,
german_real,47,1000,640,160,200,5,0.0,EMDT-Cell,32.58728040001006,FEASIBLE,191.0,64.0,0.6649214659685864,0.6649214659685864,30.025603,443.0,18.0,2000,0.0,429.40234375,0.71,0.29,0.29,0.7666666666666667,0.0857142857142857,4.004761904761905,0.5738095238095238,0.0,0.0,0.0,0.0,0.7015625,
german_real,47,1000,640,160,200,5,0.0,EMDT-Iso,30.42846389999613,FEASIBLE,186.0,64.0,0.6559139784946236,0.6559139784946236,30.0098169,443.0,18.0,0,0.0006090999959269,364.39453125,0.71,0.2054204444444444,0.0142666666666668,0.8333333333333334,0.0571428571428571,4.280952380952381,0.5547619047619047,0.0,0.0,0.0,0.0,0.709375,
german_real,47,1000,640,160,200,5,0.0,LGBM-Adv,0.0164016000053379,,,,,,,,,0,0.0,432.3125,0.74,0.2029198179429437,0.0925068499031319,0.75,0.05,3.85,0.6297619047619047,0.0,0.0,0.0,0.0,0.7140625,
german_real,47,1000,640,160,200,5,0.0,LGBM-Mono,0.0119015999953262,,,,,,,,,0,0.0,431.9921875,0.695,0.2068014789730135,0.0919874869562247,0.7166666666666667,0.1285714285714285,3.840476190476191,0.6193452380952381,0.0,0.0,0.0,0.0,0.7078125,
german_real,47,1000,640,160,200,5,0.0,MonoRF,0.2319579000031808,,,,,,,,,0,0.0,430.07421875,0.695,0.2004005366619187,0.0645391607356539,0.9666666666666668,0.0214285714285714,4.876190476190476,0.6203571428571428,0.0,0.0,0.0,0.0,0.709375,
german_real,47,1000,640,160,200,5,0.0,MonoScore,0.0013780000008409,,,,,,,,,0,0.0,432.3125,0.725,0.2012931267892228,0.0536552302394269,0.8166666666666667,0.0428571428571428,4.169047619047618,0.62,0.0,0.0,0.0,0.0,0.7046875,
german_real,47,1000,640,160,200,5,0.0,MonoXGB1,0.0024857999960659,,,,,,,,,0,0.0,429.9921875,0.72,0.2024194002151489,0.0421470472216606,0.9166666666666666,0.0071428571428571,4.597619047619047,0.5721428571428572,0.0,0.0,0.0,0.0,0.7109375,
german_real,47,1000,640,160,200,5,0.0,ODT,30.43212259998836,FEASIBLE,181.0,64.0,0.6464088397790055,0.6464088397790055,30.0126831,443.0,18.0,0,0.0,352.734375,0.7,0.3,0.2999999999999999,0.75,0.1071428571428571,3.9642857142857135,0.5714285714285714,0.0225,0.0225,0.0225,0.0225,0.7171875,
german_real,47,1000,640,160,200,5,0.0,XGB-Mono,0.023910000003525,,,,,,,,,0,0.0,431.30078125,0.71,0.2104476392269134,0.0985238523595035,0.7,0.1142857142857142,3.7285714285714286,0.620297619047619,0.0,0.0,0.0,0.0,0.71875,
german_real,48,1000,640,160,200,5,0.0,CART,0.0008577999979024,,,,,,,,,0,0.0,349.3671875,0.685,0.2237549971846626,0.0856214454460728,0.7833333333333333,0.1142857142857142,4.145238095238095,0.5499404761904763,0.177,0.0431992265072289,0.0605,0.0112987344355991,0.74375,
german_real,48,1000,640,160,200,5,0.0,EMDT,3.9223827000096207,OPTIMAL,178.0,178.0,0.0,0.0,3.5101168,447.0,18.0,0,0.0,362.07421875,0.68,0.32,0.32,0.95,0.05,4.85,0.5,0.0,0.0,0.0,0.0,0.721875,
german_real,48,1000,640,160,200,5,0.0,EMDT-Cell,32.49850709999737,FEASIBLE,178.0,64.0,0.6404494382022472,0.6404494382022472,30.019546,447.0,18.0,2000,0.0,429.41796875,0.68,0.32,0.32,0.95,0.05,4.85,0.5,0.0,0.0,0.0,0.0,0.721875,
german_real,48,1000,640,160,200,5,0.0,EMDT-Iso,3.923269200007781,OPTIMAL,178.0,178.0,0.0,0.0,3.5101168,447.0,18.0,0,0.0008864999981597,362.07421875,0.68,0.2155592105263158,0.0324999999999998,0.95,0.05,4.85,0.5,0.0,0.0,0.0,0.0,0.721875,
german_real,48,1000,640,160,200,5,0.0,LGBM-Adv,0.0155331999994814,,,,,,,,,0,0.0,432.2890625,0.665,0.2141571968990145,0.0713144680863001,0.8666666666666667,0.1071428571428571,4.547619047619048,0.6251785714285715,0.0,0.0,0.0,0.0,0.7375,
german_real,48,1000,640,160,200,5,0.0,LGBM-Mono,0.0145169000024907,,,,,,,,,0,0.0,432.0078125,0.655,0.2171247732315712,0.082338966954077,0.8666666666666667,0.1214285714285714,4.576190476190477,0.6281547619047619,0.0,0.0,0.0,0.0,0.7375,
german_real,48,1000,640,160,200,5,0.0,MonoRF,0.2121248000039486,,,,,,,,,0,0.0,430.01953125,0.705,0.205945818099155,0.0659243002734126,0.9166666666666666,0.0285714285714285,4.64047619047619,0.6313095238095238,0.0,0.0,0.0,0.0,0.7296875,
german_real,48,1000,640,160,200,5,0.0,MonoScore,0.0013368999934755,,,,,,,,,0,0.0,432.296875,0.69,0.2079659802956047,0.0716534301594323,0.9166666666666666,0.05,4.683333333333333,0.6185714285714285,0.0,0.0,0.0,0.0,0.7140625,
german_real,48,1000,640,160,200,5,0.0,MonoXGB1,0.0019811000092886,,,,,,,,,0,0.0,429.95703125,0.68,0.2161340713500976,0.0572584986686706,0.9166666666666666,0.0642857142857142,4.711904761904762,0.5813095238095238,0.0,0.0,0.0,0.0,0.73125,
german_real,48,1000,640,160,200,5,0.0,ODT,30.42232359999616,FEASIBLE,174.0,64.0,0.632183908045977,0.632183908045977,30.005717800000003,447.0,18.0,0,0.0,354.85546875,0.68,0.32,0.3199999999999999,0.9333333333333332,0.0571428571428571,4.780952380952381,0.5047619047619047,0.033,0.033,0.021,0.021,0.728125,
german_real,48,1000,640,160,200,5,0.0,XGB-Mono,0.0222357000020565,,,,,,,,,0,0.0,431.2578125,0.685,0.2148094773292541,0.0766259157657623,0.8333333333333334,0.0928571428571428,4.352380952380953,0.6323214285714286,0.0,0.0,0.0,0.0,0.74375,
german_real,49,1000,640,160,200,5,0.0,CART,0.0008032000041566,,,,,,,,,0,0.0,348.01953125,0.685,0.2251457344251529,0.0686019536019536,0.9833333333333332,0.0285714285714285,4.973809523809523,0.5272619047619047,0.042,0.0140940934065934,0.0075,0.0041435439560439,0.7328125,
german_real,49,1000,640,160,200,5,0.0,EMDT,3.8908882000105214,OPTIMAL,173.0,173.0,0.0,0.0,3.5025301000000004,434.0,18.0,0,0.0,362.80078125,0.675,0.325,0.325,0.95,0.0571428571428571,4.864285714285714,0.4964285714285714,0.0,0.0,0.0,0.0,0.7296875,
german_real,49,1000,640,160,200,5,0.0,EMDT-Cell,32.47245310001017,FEASIBLE,173.0,58.0,0.6647398843930635,0.6647398843930635,30.0175467,434.0,18.0,2000,0.0,427.24609375,0.675,0.325,0.325,0.95,0.0571428571428571,4.864285714285714,0.4964285714285714,0.0,0.0,0.0,0.0,0.7296875,
german_real,49,1000,640,160,200,5,0.0,EMDT-Iso,3.891627500008326,OPTIMAL,173.0,173.0,0.0,0.0,3.5025301000000004,434.0,18.0,0,0.0007392999978037,362.80078125,0.675,0.2230886426592798,0.0501315789473684,0.95,0.0571428571428571,4.864285714285714,0.4964285714285714,0.0,0.0,0.0,0.0,0.7296875,
german_real,49,1000,640,160,200,5,0.0,LGBM-Adv,0.0148302000015974,,,,,,,,,0,0.0,429.98046875,0.68,0.2177304680474733,0.089867326023935,0.8833333333333333,0.0785714285714285,4.573809523809524,0.596845238095238,0.0,0.0,0.0,0.0,0.7421875,
german_real,49,1000,640,160,200,5,0.0,LGBM-Mono,0.0128922000003512,,,,,,,,,0,0.0,429.671875,0.685,0.2221725701544831,0.11852979578637,0.8333333333333334,0.0928571428571428,4.352380952380953,0.5932738095238095,0.0,0.0,0.0,0.0,0.7375,
german_real,49,1000,640,160,200,5,0.0,MonoRF,0.2419171000074129,,,,,,,,,0,0.0,427.85546875,0.69,0.2100700691259979,0.0489692654567028,0.9666666666666668,0.0285714285714285,4.89047619047619,0.5890476190476192,0.0,0.0,0.0,0.0,0.7296875,
german_real,49,1000,640,160,200,5,0.0,MonoScore,0.0020352999999886,,,,,,,,,0,0.0,429.98828125,0.69,0.2106907788109709,0.0550482776928549,0.9833333333333332,0.0214285714285714,4.959523809523809,0.580595238095238,0.0,0.0,0.0,0.0,0.721875,
german_real,49,1000,640,160,200,5,0.0,MonoXGB1,0.0024349999875994,,,,,,,,,0,0.0,427.79296875,0.665,0.223034918308258,0.0793225453048944,0.95,0.0714285714285714,4.892857142857143,0.5516666666666666,0.0,0.0,0.0,0.0,0.7265625,
german_real,49,1000,640,160,200,5,0.0,ODT,30.42958739999449,FEASIBLE,171.0,58.0,0.6608187134502924,0.6608187134502924,30.0065309,434.0,18.0,0,0.0,348.828125,0.69,0.31,0.31,0.9666666666666668,0.0285714285714285,4.89047619047619,0.5023809523809524,0.0575,0.0575,0.0125,0.0125,0.7328125,
german_real,49,1000,640,160,200,5,0.0,XGB-Mono,0.0229782999958843,,,,,,,,,0,0.0,429.0703125,0.665,0.2234997898340225,0.0969686306640505,0.8,0.1357142857142857,4.271428571428571,0.5926190476190475,0.0,0.0,0.0,0.0,0.7484375,
german_real,50,1000,640,160,200,5,0.002,CART,0.0008322999929077,,,,,,,,,0,0.0,349.0859375,0.725,0.2030754903619963,0.0366321749810354,0.8333333333333334,0.0357142857142857,4.238095238095238,0.5843452380952381,0.1885,0.0663000848896434,0.0265,0.01283701188455,0.7359375,
german_real,50,1000,640,160,200,5,0.002,EMDT,3.746897199991509,OPTIMAL,182.0,182.0,0.0,0.0,3.3496166,432.0,18.0,0,0.0,363.484375,0.66,0.34,0.34,0.9333333333333332,0.0857142857142857,4.838095238095239,0.4904761904761904,0.0,0.0,0.0,0.0,0.715625,
german_real,50,1000,640,160,200,5,0.002,EMDT-Cell,32.52527299999201,FEASIBLE,182.0,66.0,0.6373626373626373,0.6373626373626373,30.018313300000003,432.0,18.0,2000,0.0,425.63671875,0.72,0.28,0.2799999999999999,0.8666666666666667,0.0285714285714285,4.390476190476191,0.5523809523809524,0.0,0.0,0.0,0.0,0.715625,
german_real,50,1000,640,160,200,5,0.002,EMDT-Iso,3.747726999994484,OPTIMAL,182.0,182.0,0.0,0.0,3.3496166,432.0,18.0,0,0.0008298000029753,363.484375,0.7,0.2103838974109244,0.0131531531531531,1.0,0.0,5.0,0.4904761904761904,0.0,0.0,0.0,0.0,0.7,
german_real,50,1000,640,160,200,5,0.002,LGBM-Adv,0.0166160999942803,,,,,,,,,0,0.0,428.5078125,0.71,0.1993900208971262,0.0537109512508383,0.7666666666666667,0.0857142857142857,4.004761904761905,0.6456547619047619,0.0,0.0,0.0,0.0,0.728125,
german_real,50,1000,640,160,200,5,0.002,LGBM-Mono,0.0149581000005127,,,,,,,,,0,0.0,428.2265625,0.72,0.1987783831775972,0.0590217952121748,0.7166666666666667,0.0928571428571428,3.769047619047619,0.6541071428571428,0.0,0.0,0.0,0.0,0.71875,
german_real,50,1000,640,160,200,5,0.002,MonoRF,0.2128533000068273,,,,,,,,,0,0.0,426.22265625,0.71,0.1974740771415037,0.0519315181039507,0.95,0.0071428571428571,4.764285714285714,0.6491666666666667,0.0,0.0,0.0,0.0,0.71875,
german_real,50,1000,640,160,200,5,0.002,MonoScore,0.0015729000006103,,,,,,,,,0,0.0,428.5078125,0.72,0.1980832208460553,0.0510768293465125,0.9,0.0142857142857142,4.5285714285714285,0.6336904761904762,0.0,0.0,0.0,0.0,0.7078125,
german_real,50,1000,640,160,200,5,0.002,MonoXGB1,0.002137200004654,,,,,,,,,0,0.0,426.16796875,0.72,0.2031019628047943,0.0583844834566116,0.8666666666666667,0.0285714285714285,4.390476190476191,0.620654761904762,0.0,0.0,0.0,0.0,0.7203125,
german_real,50,1000,640,160,200,5,0.002,ODT,30.474945499998285,FEASIBLE,176.0,65.0,0.6306818181818182,0.6306818181818182,30.0629603,432.0,18.0,0,0.0,355.62890625,0.685,0.315,0.3149999999999999,0.9333333333333332,0.05,4.766666666666667,0.5083333333333333,0.081,0.081,0.018,0.018,0.725,
german_real,50,1000,640,160,200,5,0.002,XGB-Mono,0.0227692999906139,,,,,,,,,0,0.0,427.50390625,0.705,0.1972641497850418,0.0914799611642956,0.7,0.1214285714285714,3.742857142857143,0.6591666666666667,0.0,0.0,0.0,0.0,0.721875,
german_real,51,1000,640,160,200,5,0.0,CART,0.0009148999961325,,,,,,,,,0,0.0,353.33203125,0.695,0.2066937284895042,0.0404112945594226,0.9,0.05,4.6,0.6272023809523808,0.3055,0.1292409798838447,0.0165,0.0064473684210526,0.7390625,
german_real,51,1000,640,160,200,5,0.0,EMDT,4.088825800004997,OPTIMAL,185.0,185.0,0.0,0.0,3.6169395,442.0,18.0,0,0.0,419.40234375,0.71,0.29,0.29,0.9333333333333332,0.0142857142857142,4.695238095238095,0.5261904761904762,0.0,0.0,0.0,0.0,0.7109375,
german_real,51,1000,640,160,200,5,0.0,EMDT-Cell,32.61743349999597,FEASIBLE,185.0,73.0,0.6054054054054054,0.6054054054054054,30.0149864,442.0,18.0,2000,0.0,432.859375,0.71,0.29,0.29,0.9333333333333332,0.0142857142857142,4.695238095238095,0.5261904761904762,0.0,0.0,0.0,0.0,0.7109375,
german_real,51,1000,640,160,200,5,0.0,EMDT-Iso,4.08949090000533,OPTIMAL,185.0,185.0,0.0,0.0,3.6169395,442.0,18.0,0,0.000665100000333,419.40234375,0.71,0.2061980609418282,0.0144736842105263,0.9333333333333332,0.0142857142857142,4.695238095238095,0.5261904761904762,0.0,0.0,0.0,0.0,0.7109375,
german_real,51,1000,640,160,200,5,0.0,LGBM-Adv,0.0123319999984232,,,,,,,,,0,0.0,435.5546875,0.715,0.1890018470483014,0.0557471157516108,0.8333333333333334,0.05,4.266666666666667,0.6969642857142857,0.0,0.0,0.0,0.0,0.73125,
german_real,51,1000,640,160,200,5,0.0,LGBM-Mono,0.0113817999954335,,,,,,,,,0,0.0,435.25390625,0.72,0.1871059400069506,0.0496575602139568,0.7833333333333333,0.0642857142857142,4.045238095238095,0.700595238095238,0.0,0.0,0.0,0.0,0.728125,
german_real,51,1000,640,160,200,5,0.0,MonoRF,0.1700102999893715,,,,,,,,,0,0.0,433.4609375,0.715,0.1938290315948749,0.0524251411726261,0.9333333333333332,0.0071428571428571,4.680952380952381,0.6838095238095238,0.0,0.0,0.0,0.0,0.7140625,
german_real,51,1000,640,160,200,5,0.0,MonoScore,0.0015378999960375,,,,,,,,,0,0.0,435.5546875,0.72,0.1965306706952165,0.0457759980662686,0.8833333333333333,0.0214285714285714,4.459523809523809,0.6547619047619048,0.0,0.0,0.0,0.0,0.7109375,
german_real,51,1000,640,160,200,5,0.0,MonoXGB1,0.0016542999946977,,,,,,,,,0,0.0,433.3984375,0.7,0.1976126432418823,0.0529883196949959,0.95,0.0214285714285714,4.792857142857143,0.6562499999999999,0.0,0.0,0.0,0.0,0.7203125,
german_real,51,1000,640,160,200,5,0.0,ODT,30.461082299996637,FEASIBLE,181.0,72.0,0.6022099447513812,0.6022099447513812,30.006170500000003,442.0,18.0,0,0.0,360.19140625,0.695,0.305,0.305,0.9333333333333332,0.0357142857142857,4.738095238095238,0.5154761904761904,0.0,0.0,0.008,0.008,0.7171875,
german_real,51,1000,640,160,200,5,0.0,XGB-Mono,0.0197657000098843,,,,,,,,,0,0.0,434.671875,0.72,0.1861500591039657,0.058203197363764,0.7833333333333333,0.0642857142857142,4.045238095238095,0.7067857142857144,0.0,0.0,0.0,0.0,0.7375,
adult_income,42,32561,20838,5210,6513,4,0.0,EMDT-DP,0.03788859999622218,DP-OPTIMAL,4239.0,4239.0,0.0,0.0,,158.0,16.0,0,0.0,,0.7982496545370796,0.2017503454629203,0.2017503454629203,0.05399393326592518,0.6677295918367347,1.6054288500030953,0.63913823744867,0.0,0.0,0.0,0.0,0.7965735675208753,1118.0
adult_income,43,32561,20838,5210,6513,4,0.0,EMDT-DP,0.0331441000016639,DP-OPTIMAL,4226.0,4226.0,0.0,0.0,,158.0,16.0,0,0.0,,0.7990173499155535,0.2009826500844465,0.2009826500844465,0.05500505561172902,0.6613520408163265,1.597729359691298,0.6418214517859723,0.0,0.0,0.0,0.0,0.7971974277761782,1118.0
adult_income,44,32561,20838,5210,6513,4,0.0,EMDT-DP,0.03248219999659341,DP-OPTIMAL,4249.0,4249.0,0.0,0.0,,159.0,16.0,0,0.0,,0.8019345923537541,0.19806540764624597,0.19806540764624597,0.05116279069767442,0.6613520408163265,1.578518035121025,0.6437425842429996,0.0,0.0,0.0,0.0,0.7960936750167963,1118.0
adult_income,45,32561,20838,5210,6513,4,0.0,EMDT-DP,0.03377210001053754,DP-OPTIMAL,4253.0,4253.0,0.0,0.0,,158.0,16.0,0,0.0,,0.7999385843697221,0.2000614156302779,0.2000614156302779,0.05581395348837209,0.6549744897959183,1.5890187470336972,0.6446057783578547,0.0,0.0,0.0,0.0,0.7959017180151646,1118.0
adult_income,46,32561,20838,5210,6513,4,0.0,EMDT-DP,0.03299799999513198,DP-OPTIMAL,4249.0,4249.0,0.0,0.0,,158.0,16.0,0,0.0,,0.8022416705051436,0.19775832949485644,0.19775832949485642,0.05298281092012133,0.6543367346938775,1.5735875239883619,0.6463402271930004,0.0,0.0,0.0,0.0,0.7960936750167963,1118.0
adult_income,47,32561,20838,5210,6513,4,0.0,EMDT-DP,0.034981400007382035,DP-OPTIMAL,4253.0,4253.0,0.0,0.0,,159.0,16.0,0,0.0,,0.7964071856287425,0.20359281437125748,0.20359281437125748,0.05601617795753286,0.6690051020408163,1.618091093869297,0.6374893600008253,0.0,0.0,0.0,0.0,0.7959017180151646,1118.0
adult_income,48,32561,20838,5210,6513,4,0.0,EMDT-DP,0.03245719999540597,DP-OPTIMAL,4222.0,4222.0,0.0,0.0,,159.0,16.0,0,0.0,,0.7991708889912482,0.20082911100875173,0.20082911100875173,0.054196157735085945,0.6632653061224489,1.5975114009203275,0.6412692680712325,0.0,0.0,0.0,0.0,0.7973893847778097,1118.0
adult_income,49,32561,20838,5210,6513,4,0.0,EMDT-DP,0.03230059999623336,DP-OPTIMAL,4208.0,4208.0,0.0,0.0,,158.0,16.0,0,0.0,,0.796714263780132,0.20328573621986795,0.20328573621986795,0.05500505561172902,0.6709183673469388,1.6168620127525226,0.6370382885206661,0.0,0.0,0.0,0.0,0.7980612342835205,1118.0
adult_income,50,32561,20838,5210,6513,4,0.0,EMDT-DP,0.03247850001207553,DP-OPTIMAL,4214.0,4214.0,0.0,0.0,,159.0,16.0,0,0.0,,0.7941040994933211,0.20589590050667894,0.20589590050667894,0.059453993933265926,0.6677295918367347,1.6327291533397992,0.6364082071149997,0.0,0.0,0.0,0.0,0.7977732987810731,1118.0
adult_income,51,32561,20838,5210,6513,4,0.0,EMDT-DP,0.03345469999476336,DP-OPTIMAL,4202.0,4202.0,0.0,0.0,,159.0,16.0,0,0.0,,0.7962536465530478,0.20374635344695224,0.20374635344695224,0.059453993933265926,0.6588010204081632,1.6148720104826562,0.6408724928292855,0.0,0.0,0.0,0.0,0.7983491697859679,1118.0
bank_marketing,42,45211,28934,7234,9043,4,0.0,EMDT-DP,0.04590409999946132,DP-OPTIMAL,3359.0,3359.0,0.0,0.0,,150.0,16.0,0,0.0,,0.8835563419219286,0.11644365807807143,0.11644365807807144,0.005760801502817783,0.9517958412098299,1.9323956899337487,0.5212216786436761,0.0,0.0,0.0,0.0,0.8839082048800719,1078.0
bank_marketing,43,45211,28934,7234,9043,4,5.529138560212319e-05,EMDT-DP,0.043540099999518134,DP-OPTIMAL,3340.0,3340.0,0.0,0.0,,150.0,16.0,0,0.0,,0.8815658520402522,0.11843414795974787,0.11843414795974787,0.006261740763932373,0.9650283553875236,1.961365414594709,0.514354951924272,0.0,0.0,0.0,0.0,0.884564871777148,1078.0
bank_marketing,44,45211,28934,7234,9043,4,5.529138560212319e-05,EMDT-DP,0.047007599991047755,DP-OPTIMAL,3356.0,3356.0,0.0,0.0,,150.0,16.0,0,0.0,,0.8826716797522945,0.11732832024770541,0.11732832024770541,0.005510331872260488,0.9612476370510397,1.9500469334633816,0.5166210155383499,0.0,0.0,0.0,0.0,0.8840118891269786,1078.0
bank_marketing,45,45211,28934,7234,9043,4,5.529138560212319e-05,EMDT-DP,0.04261100001167506,DP-OPTIMAL,3363.0,3363.0,0.0,0.0,,150.0,16.0,0,0.0,,0.8843304213203583,0.11566957867964171,0.11566957867964171,0.004383218534752661,0.9555765595463138,1.933069211766391,0.5200201109594668,0.0,0.0,0.0,0.0,0.8837699592175295,1078.0
bank_marketing,46,45211,28934,7234,9043,4,2.7645692801061596e-05,EMDT-DP,0.045058400006382726,DP-OPTIMAL,3361.0,3361.0,0.0,0.0,,150.0,16.0,0,0.0,,0.8833351763795201,0.11666482362047993,0.11666482362047993,0.005134627426424546,0.9584120982986768,1.9424973337294764,0.5182266371374493,0.0,0.0,0.0,0.0,0.8838390820488007,1078.0
bank_marketing,47,45211,28934,7234,9043,4,5.529138560212319e-05,EMDT-DP,0.04571729998860974,DP-OPTIMAL,3367.0,3367.0,0.0,0.0,,150.0,16.0,0,0.0,,0.8842198385491541,0.11578016145084596,0.11578016145084595,0.004383218534752661,0.9565217391304348,1.934959570934633,0.5195475211674063,0.0,0.0,0.0,0.0,0.8836317135549873,1078.0
bank_marketing,48,45211,28934,7234,9043,4,5.529138560212319e-05,EMDT-DP,0.04285699999309145,DP-OPTIMAL,3344.0,3344.0,0.0,0.0,,150.0,16.0,0,0.0,,0.8818976003538649,0.11810239964613513,0.11810239964613514,0.006637445209768315,0.9593572778827977,1.9519017818144369,0.5170026384537171,0.0,0.0,0.0,0.0,0.8844266261146057,1078.0
bank_marketing,49,45211,28934,7234,9043,4,5.529138560212319e-05,EMDT-DP,0.043977699999231845,DP-OPTIMAL,3374.0,3374.0,0.0,0.0,,150.0,16.0,0,0.0,,0.8844410040915626,0.11555899590843746,0.11555899590843746,0.003882279273638071,0.9584120982986768,1.936235592965544,0.5188528112138426,0.0,0.0,0.0,0.0,0.8833897836455381,1078.0
bank_marketing,50,45211,28934,7234,9043,4,8.293707840318478e-05,EMDT-DP,0.043971099992631935,DP-OPTIMAL,3368.0,3368.0,0.0,0.0,,150.0,16.0,0,0.0,,0.8836669246931328,0.11633307530686719,0.11633307530686719,0.0041327489041953665,0.9631379962192816,1.94693973695954,0.5163646274382615,0.0,0.0,0.0,0.0,0.8835971521393516,1078.0
bank_marketing,51,45211,28934,7234,9043,4,5.529138560212319e-05,EMDT-DP,0.04462980000243988,DP-OPTIMAL,3366.0,3366.0,0.0,0.0,,150.0,16.0,0,0.0,,0.8839986730067455,0.11600132699325445,0.11600132699325444,0.0048841577958672515,0.9546313799621928,1.9336835489037218,0.52024223112097,0.0,0.0,0.0,0.0,0.8836662749706228,1078.0
compas_real,42,6172,3949,988,1235,5,0.00048582995951417006,EMDT-DP,0.005603099998552352,DP-OPTIMAL,1292.0,1292.0,0.0,0.0,,20.0,20.0,0,0.0,,0.6534412955465587,0.3465587044534413,0.3465587044534413,0.47153024911032027,0.24219910846953938,2.8420494624906802,0.6431353212100701,0.0,0.0,0.0,0.0,0.6728285641934667,199.0
compas_real,43,6172,3949,988,1235,5,0.00032388663967611336,EMDT-DP,0.0051004999986616895,DP-OPTIMAL,1291.0,1291.0,0.0,0.0,,20.0,20.0,0,0.0,,0.6817813765182186,0.31821862348178137,0.3182186234817813,0.4626334519572954,0.1976225854383358,2.7084124306631483,0.6698719813021844,0.0,0.0,0.0,0.0,0.6730817928589516,199.0
compas_real,44,6172,3949,988,1235,5,0.00032388663967611336,EMDT-DP,0.005640900009893812,DP-OPTIMAL,1318.0,1318.0,0.0,0.0,,20.0,20.0,0,0.0,,0.6728744939271255,0.3271255060728745,0.3271255060728745,0.4928825622775801,0.1887072808320951,2.8418273730520904,0.6592050784451624,0.0,0.0,0.0,0.0,0.6662446188908584,199.0
compas_real,45,6172,3949,988,1235,5,0.00048582995951417006,EMDT-DP,0.004914099990855902,DP-OPTIMAL,1268.0,1268.0,0.0,0.0,,20.0,20.0,0,0.0,,0.6566801619433198,0.34331983805668015,0.3433198380566802,0.48398576512455516,0.22585438335809807,2.8716375923389723,0.6450799257586733,0.0,0.0,0.0,0.0,0.6789060521651051,199.0
compas_real,46,6172,3949,988,1235,5,0.0006477732793522267,EMDT-DP,0.004906899994239211,DP-OPTIMAL,1288.0,1288.0,0.0,0.0,,20.0,20.0,0,0.0,,0.671255060728745,0.3287449392712551,0.3287449392712551,0.4893238434163701,0.19465081723625557,2.8359208515543615,0.6580126696736872,0.0,0.0,0.0,0.0,0.6738414788554065,199.0
compas_real,47,6172,3949,988,1235,5,0.00016194331983805668,EMDT-DP,0.004728100000647828,DP-OPTIMAL,1320.0,1320.0,0.0,0.0,,20.0,20.0,0,0.0,,0.676923076923077,0.3230769230769231,0.3230769230769231,0.4626334519572954,0.2065378900445765,2.7262430398756297,0.6654143289990639,0.0,0.0,0.0,0.0,0.6657381615598886,199.0
compas_real,48,6172,3949,988,1235,5,0.00016194331983805668,EMDT-DP,0.005575200004386716,DP-OPTIMAL,1313.0,1313.0,0.0,0.0,,20.0,20.0,0,0.0,,0.668825910931174,0.3311740890688259,0.3311740890688259,0.39679715302491103,0.2763744427934621,2.5367346507114794,0.6634142020908134,0.0,0.0,0.0,0.0,0.6675107622182831,199.0
compas_real,49,6172,3949,988,1235,5,0.00032388663967611336,EMDT-DP,0.004693399998359382,DP-OPTIMAL,1292.0,1292.0,0.0,0.0,,20.0,20.0,0,0.0,,0.6704453441295547,0.32955465587044536,0.32955465587044536,0.5284697508896797,0.16344725111441308,2.969243256677225,0.6540414989979536,0.0,0.0,0.0,0.0,0.6728285641934667,199.0
compas_real,50,6172,3949,988,1235,5,0.0008097165991902834,EMDT-DP,0.00529449999157805,DP-OPTIMAL,1312.0,1312.0,0.0,0.0,,20.0,20.0,0,0.0,,0.6696356275303643,0.3303643724696356,0.3303643724696356,0.40569395017793597,0.2674591381872214,2.5633880272641223,0.6634234558174212,0.0,0.0,0.0,0.0,0.667763990883768,199.0
compas_real,51,6172,3949,988,1235,5,0.00032388663967611336,EMDT-DP,0.00513229999342002,DP-OPTIMAL,1295.0,1295.0,0.0,0.0,,20.0,20.0,0,0.0,,0.6680161943319838,0.3319838056680162,0.33198380566801616,0.47686832740213525,0.21099554234769688,2.80633272170607,0.6560680651250839,0.0,0.0,0.0,0.0,0.6720688781970119,199.0
german_real,42,1000,640,160,200,5,0.002,EMDT-DP,0.037664600007701665,DP-OPTIMAL,182.0,182.0,0.0,0.0,,449.0,18.0,0,0.0,,0.705,0.295,0.29500000000000004,0.9166666666666666,0.02857142857142857,4.64047619047619,0.5273809523809524,0.0,0.0,0.0,0.0,0.715625,5299.0
german_real,43,1000,640,160,200,5,0.001,EMDT-DP,0.0363229000067804,DP-OPTIMAL,181.0,181.0,0.0,0.0,,449.0,18.0,0,0.0,,0.71,0.29,0.29,0.9333333333333333,0.014285714285714285,4.695238095238095,0.5261904761904762,0.0,0.0,0.0,0.0,0.7171875,5336.0
german_real,44,1000,640,160,200,5,0.001,EMDT-DP,0.033911600010469556,DP-OPTIMAL,183.0,183.0,0.0,0.0,,438.0,18.0,0,0.0,,0.715,0.285,0.28500000000000003,0.8833333333333333,0.02857142857142857,4.473809523809523,0.544047619047619,0.0,0.0,0.0,0.0,0.7140625,5287.0
german_real,45,1000,640,160,200,5,0.0,EMDT-DP,0.03334520000498742,DP-OPTIMAL,180.0,180.0,0.0,0.0,,441.0,18.0,0,0.0,,0.69,0.31,0.31,0.85,0.07857142857142857,4.4071428571428575,0.5357142857142857,0.0,0.0,0.0,0.0,0.71875,5320.0
german_real,46,1000,640,160,200,5,0.0,EMDT-DP,0.0364421999984188,DP-OPTIMAL,186.0,186.0,0.0,0.0,,454.0,18.0,0,0.0,,0.705,0.295,0.29500000000000004,0.9333333333333333,0.02142857142857143,4.70952380952381,0.5226190476190476,0.0,0.0,0.0,0.0,0.709375,5305.0
german_real,47,1000,640,160,200,5,0.0,EMDT-DP,0.03564319999713916,DP-OPTIMAL,186.0,186.0,0.0,0.0,,443.0,18.0,0,0.0,,0.71,0.29,0.29000000000000004,0.8333333333333334,0.05714285714285714,4.280952380952381,0.5547619047619047,0.0,0.0,0.0,0.0,0.709375,5304.0
german_real,48,1000,640,160,200,5,0.0,EMDT-DP,0.03408469998976216,DP-OPTIMAL,178.0,178.0,0.0,0.0,,447.0,18.0,0,0.0,,0.68,0.32,0.32,0.95,0.05,4.85,0.5,0.0,0.0,0.0,0.0,0.721875,5343.0
german_real,49,1000,640,160,200,5,0.0,EMDT-DP,0.032940399993094616,DP-OPTIMAL,173.0,173.0,0.0,0.0,,434.0,18.0,0,0.0,,0.69,0.31,0.31000000000000005,0.9666666666666667,0.02857142857142857,4.89047619047619,0.5023809523809524,0.0,0.0,0.0,0.0,0.7296875,5302.0
german_real,50,1000,640,160,200,5,0.002,EMDT-DP,0.03419730000314303,DP-OPTIMAL,182.0,182.0,0.0,0.0,,432.0,18.0,0,0.0,,0.66,0.34,0.34,0.9333333333333333,0.08571428571428572,4.838095238095239,0.4904761904761904,0.0,0.0,0.0,0.0,0.715625,5304.0
german_real,51,1000,640,160,200,5,0.0,EMDT-DP,0.03288250000332482,DP-OPTIMAL,185.0,185.0,0.0,0.0,,442.0,18.0,0,0.0,,0.71,0.29,0.29,0.9333333333333333,0.014285714285714285,4.695238095238095,0.5261904761904762,0.0,0.0,0.0,0.0,0.7109375,5334.0
