Dataset,Seed,N,TrainN,ValidationN,TestN,Features,TestClipFraction,Method,Time,SolverStatus,Objective,BestBound,RelativeGap,ClippedGap,SolverWallTime,TrainingPatterns,CandidateSplits,Cells,CalibTime,RSS_MB,Accuracy,Brier,ECE,FPR,FNR,Cost,AUC,viol_rate,viol_severity_mean,empirical_viol_rate,empirical_viol_severity,TrainAccuracy
adult_income,42,32561,20838,5210,6513,4,0.0,CART,0.005422700007329695,NA,,,,,,,,0,0.0,367.24609375,0.8076155381544603,0.13127307660353166,0.0024108656745241187,0.11142568250758342,0.4477040816326531,1.4525365758032232,0.7956011019170054,0.0075,8.610636318708378e-05,0.0195,0.0008761075332527359,0.8070352241097994
adult_income,42,32561,20838,5210,6513,4,0.0,EMDT,2.6266198999946937,OPTIMAL,4239.0,4239.0,0.0,0.0,2.4390093,158.0,16.0,0,0.0,361.234375,0.7982496545370796,0.2017503454629203,0.2017503454629203,0.05399393326592518,0.6677295918367347,1.6054288500030953,0.63913823744867,0.0,0.0,0.0,0.0,0.7965735675208753
adult_income,42,32561,20838,5210,6513,4,0.0,EMDT-Cell,1.6851550999999745,OPTIMAL,4172.0,4172.0,0.0,0.0,1.3343061,158.0,16.0,160,0.0,393.125,0.8025487486565331,0.19745125134346692,0.19745125134346692,0.0416582406471183,0.6887755102040817,1.5858422236437548,0.6347831245744,0.0,0.0,0.0,0.0,0.7997888472982052
adult_income,42,32561,20838,5210,6513,4,0.0,EMDT-Iso,2.629120499987039,OPTIMAL,4239.0,4239.0,0.0,0.0,2.4390093,158.0,16.0,0,0.0025005999923450872,361.234375,0.7982496545370796,0.15846252715419806,0.0005716352008760438,0.05399393326592518,0.6677295918367347,1.6054288500030953,0.63913823744867,0.0,0.0,0.0,0.0,0.7965735675208753
adult_income,42,32561,20838,5210,6513,4,0.0,LGBM-Adv,0.1384624999918742,NA,,,,,,,,0,0.0,393.20703125,0.8277291570704745,0.12054609744733388,0.006855808498683302,0.04307381193124368,0.579719387755102,1.3748078351664224,0.8546436825488537,0.0,0.0,0.0,0.0,0.8235915155005279
adult_income,42,32561,20838,5210,6513,4,0.0,LGBM-Mono,0.14353689999552444,NA,,,,,,,,0,0.0,393.203125,0.8281897742975587,0.1205622672411295,0.00594559839979186,0.042062689585439836,0.5809948979591837,1.3723032438455665,0.8547503404799736,0.0,0.0,0.0,0.0,0.8236395047509358
adult_income,42,32561,20838,5210,6513,4,0.0,MonoRF,0.9686148000037065,NA,,,,,,,,0,0.0,393.14453125,0.815599570090588,0.13110643077696107,0.04658167088297269,0.023053589484327605,0.6932397959183674,1.5017475392583728,0.8344010518767668,0.0,0.0,0.0,0.0,0.8155293214319992
adult_income,42,32561,20838,5210,6513,4,0.0,MonoScore,0.012662900000577793,NA,,,,,,,,0,0.0,393.20703125,0.7927222478120681,0.1422313836067771,0.03991886879198144,0.035793731041456014,0.7480867346938775,1.675142124595035,0.8117122531520191,0.0,0.0,0.0,0.0,0.7911987714751896
adult_income,42,32561,20838,5210,6513,4,0.0,MonoXGB1,0.0070869000046513975,NA,,,,,,,,0,0.0,393.14453125,0.8108398587440504,0.13550277054309845,0.040053918739214815,0.10010111223458039,0.4700255102040816,1.440556581581065,0.7845233151400095,0.0,0.0,0.0,0.0,0.8107783856416163
adult_income,42,32561,20838,5210,6513,4,0.0,ODT,2.2505560999998124,OPTIMAL,4165.0,4165.0,0.0,0.0,1.9930062000000002,158.0,16.0,0,0.0,379.734375,0.8028558268079227,0.1971441731920774,0.1971441731920774,0.04307381193124368,0.6830357142857143,1.581440488227647,0.6369452368915209,0.0015,0.0015,0.0,0.0,0.8001247720510606
adult_income,42,32561,20838,5210,6513,4,0.0,XGB-Mono,0.2962558999861358,NA,,,,,,,,0,0.0,393.15625,0.8275756179947796,0.12035878002643585,0.007573460838029172,0.04307381193124368,0.5803571428571429,1.3760833453705041,0.8553708781288045,0.0,0.0,0.0,0.0,0.8233995584988962
adult_income,43,32561,20838,5210,6513,4,0.0,CART,0.005636500005493872,NA,,,,,,,,0,0.0,363.74609375,0.8027022877322278,0.13171545431792292,0.007207858758092792,0.11890798786653185,0.444515306122449,1.4835705515775572,0.799154345762572,0.0065,0.00019760637536841527,0.0075,0.0011087870549676797,0.8053076110951147
adult_income,43,32561,20838,5210,6513,4,0.0,EMDT,2.0791528999980073,OPTIMAL,4226.0,4226.0,0.0,0.0,1.8867962,158.0,16.0,0,0.0,380.95703125,0.7990173499155535,0.2009826500844465,0.2009826500844465,0.05500505561172902,0.6613520408163265,1.597729359691298,0.6418214517859723,0.0,0.0,0.0,0.0,0.7971974277761782
adult_income,43,32561,20838,5210,6513,4,0.0,EMDT-Cell,1.6812347999948543,OPTIMAL,4153.0,4153.0,0.0,0.0,1.3407771000000002,158.0,16.0,160,0.0,365.13671875,0.8014739751266697,0.19852602487333026,0.19852602487333026,0.0455005055611729,0.6811224489795918,1.5897474257650481,0.6366885227296176,0.0,0.0,0.0,0.0,0.8007006430559555
adult_income,43,32561,20838,5210,6513,4,0.0,EMDT-Iso,2.081664900004398,OPTIMAL,4226.0,4226.0,0.0,0.0,1.8867962,158.0,16.0,0,0.0025120000063907355,380.95703125,0.7990173499155535,0.1579621470860205,0.00644280425013586,0.05500505561172902,0.6613520408163265,1.597729359691298,0.6418214517859723,0.0,0.0,0.0,0.0,0.7971974277761782
adult_income,43,32561,20838,5210,6513,4,0.0,LGBM-Adv,0.1312300999998115,NA,,,,,,,,0,0.0,370.94140625,0.8272685398433901,0.12220105002478725,0.012260296734444833,0.0455005055611729,0.5739795918367347,1.375461711479334,0.8486500742865397,0.0,0.0,0.0,0.0,0.8254630962664363
adult_income,43,32561,20838,5210,6513,4,0.0,LGBM-Mono,0.15013779999571852,NA,,,,,,,,0,0.0,370.9140625,0.826654383540611,0.12237586771076242,0.010268870676816262,0.055207280080889785,0.5459183673469388,1.3678731350983264,0.8485102711458699,0.0,0.0,0.0,0.0,0.8247432575103177
adult_income,43,32561,20838,5210,6513,4,0.0,MonoRF,0.9450623999873642,NA,,,,,,,,0,0.0,368.58984375,0.816981421771841,0.13139764451027672,0.045839871320777784,0.021031344792719918,0.6938775510204082,1.4929118260044159,0.8326515780730896,0.0,0.0,0.0,0.0,0.8134177944140513
adult_income,43,32561,20838,5210,6513,4,0.0,MonoScore,0.015331100003095344,NA,,,,,,,,0,0.0,370.953125,0.7913403961308153,0.14235948138439788,0.03381350405645551,0.03923154701718908,0.7429846938775511,1.6821271228410475,0.807051417634799,0.0,0.0,0.0,0.0,0.7924464919857952
adult_income,43,32561,20838,5210,6513,4,0.0,MonoXGB1,0.018013900000369176,NA,,,,,,,,0,0.0,368.08984375,0.8074619990787656,0.13552987575531006,0.03769741333539486,0.10535894843276036,0.4674744897959184,1.4617437217556386,0.7894449273642723,0.0,0.0,0.0,0.0,0.8096746328822344
adult_income,43,32561,20838,5210,6513,4,0.0,ODT,2.046981899999082,OPTIMAL,4131.0,4131.0,0.0,0.0,1.7938727,158.0,16.0,0,0.0,376.6484375,0.8019345923537541,0.19806540764624597,0.19806540764624597,0.0487360970677452,0.6690051020408163,1.5816906894203586,0.6411294004457192,0.002,0.002,0.0,0.0,0.8017564065649294
adult_income,43,32561,20838,5210,6513,4,0.0,XGB-Mono,0.3055166999984067,NA,,,,,,,,0,0.0,369.87109375,0.8265008444649163,0.1225161999464035,0.00998184255811924,0.05480283114256825,0.5478316326530612,1.3696774210189637,0.8483293266750583,0.0,0.0,0.0,0.0,0.8247912467607256
adult_income,44,32561,20838,5210,6513,4,0.0,CART,0.005729000011342578,NA,,,,,,,,0,0.0,360.69921875,0.8063872255489022,0.13088683513504887,0.006491807575225982,0.0016177957532861476,0.7991071428571429,1.6063032644807165,0.8003149439755679,0.0055,0.00011790458324804893,0.003,0.00010634388960643043,0.8031001055763509
adult_income,44,32561,20838,5210,6513,4,0.0,EMDT,2.598690800004988,OPTIMAL,4249.0,4249.0,0.0,0.0,2.4063533,159.0,16.0,0,0.0,376.8359375,0.8019345923537541,0.19806540764624597,0.19806540764624597,0.05116279069767442,0.6613520408163265,1.578518035121025,0.6437425842429996,0.0,0.0,0.0,0.0,0.7960936750167963
adult_income,44,32561,20838,5210,6513,4,0.0,EMDT-Cell,1.757744200003799,OPTIMAL,4180.0,4180.0,0.0,0.0,1.3935954000000002,159.0,16.0,160,0.0,394.18359375,0.8017810532780593,0.19821894672194074,0.19821894672194074,0.04368048533872598,0.6855867346938775,1.589575896081385,0.6353663899836982,0.0,0.0,0.0,0.0,0.7994049332949419
adult_income,44,32561,20838,5210,6513,4,0.0,EMDT-Iso,2.601470199995674,OPTIMAL,4249.0,4249.0,0.0,0.0,2.4063533,159.0,16.0,0,0.0027793999906862155,376.8359375,0.8019345923537541,0.15680223765495876,0.007882911595562571,0.05116279069767442,0.6613520408163265,1.578518035121025,0.6437425842429996,0.0,0.0,0.0,0.0,0.7960936750167963
adult_income,44,32561,20838,5210,6513,4,0.0,LGBM-Adv,0.1406150999973761,NA,,,,,,,,0,0.0,394.20703125,0.8240442192538001,0.12228307231505729,0.008258586073492322,0.0455005055611729,0.5873724489795918,1.4022474257650481,0.8510652251294855,0.0,0.0,0.0,0.0,0.8229676552452251
adult_income,44,32561,20838,5210,6513,4,0.0,LGBM-Mono,0.15613659999507945,NA,,,,,,,,0,0.0,394.20703125,0.8258866881621373,0.12200941574713119,0.013954384689152995,0.04368048533872598,0.5854591836734694,1.3893207940405687,0.851666288355585,0.0,0.0,0.0,0.0,0.8221998272386986
adult_income,44,32561,20838,5210,6513,4,0.0,MonoRF,0.9342308999912348,NA,,,,,,,,0,0.0,394.19140625,0.8162137263933671,0.13087049028547704,0.053120314137624185,0.023053589484327605,0.6906887755102041,1.4966454984420463,0.8370591816099544,0.0,0.0,0.0,0.0,0.8150494289279201
adult_income,44,32561,20838,5210,6513,4,0.0,MonoScore,0.016023999996832572,NA,,,,,,,,0,0.0,394.20703125,0.7893443881467833,0.1420549733679442,0.04339098680933689,0.03943377148634985,0.7506377551020408,1.6984443676358307,0.8125876993871359,0.0,0.0,0.0,0.0,0.7912947499760054
adult_income,44,32561,20838,5210,6513,4,0.0,MonoXGB1,0.00852879999729339,NA,,,,,,,,0,0.0,394.18359375,0.8136035621065562,0.1338045448064804,0.0395293286341631,0.09969666329625884,0.45982142857142855,1.4181261736241513,0.7935274628051422,0.0,0.0,0.0,0.0,0.8081869661195892
adult_income,44,32561,20838,5210,6513,4,0.0,ODT,2.8473666999925626,OPTIMAL,4164.0,4164.0,0.0,0.0,2.648095,159.0,16.0,0,0.0,355.79296875,0.8020881314294488,0.1979118685705512,0.1979118685705512,0.046511627906976744,0.6753826530612245,1.5833234456573326,0.6390528595158993,0.0025,0.0025,0.0005,0.0005,0.8001727613014684
adult_income,44,32561,20838,5210,6513,4,0.0,XGB-Mono,0.29808890000276733,NA,,,,,,,,0,0.0,394.19921875,0.8257331490864425,0.12203916162252426,0.009742319482533238,0.04509605662285136,0.5816326530612245,1.3887455892367058,0.8517419935618332,0.0,0.0,0.0,0.0,0.8220078702370669
adult_income,45,32561,20838,5210,6513,4,0.0,CART,0.005241300008492544,NA,,,,,,,,0,0.0,360.890625,0.8080761553815446,0.1298182202805555,0.0031353442793922133,0.11506572295247725,0.4343112244897959,1.4439510637419781,0.8002248586492231,0.0045,0.00015948368625375405,0.024,0.0011739220924050647,0.8040598905845091
adult_income,45,32561,20838,5210,6513,4,0.0,EMDT,2.072001699998509,OPTIMAL,4253.0,4253.0,0.0,0.0,1.8658764,158.0,16.0,0,0.0,357.70703125,0.7999385843697221,0.2000614156302779,0.2000614156302779,0.05581395348837209,0.6549744897959183,1.5890187470336972,0.6446057783578547,0.0,0.0,0.0,0.0,0.7959017180151646
adult_income,45,32561,20838,5210,6513,4,0.0,EMDT-Cell,1.7204530000017257,OPTIMAL,4174.0,4174.0,0.0,0.0,1.3593201000000001,158.0,16.0,160,0.0,391.6796875,0.8027022877322278,0.19729771226777215,0.19729771226777215,0.0455005055611729,0.6760204081632653,1.579543344132395,0.639239543137781,0.0,0.0,0.0,0.0,0.7996928687973894
adult_income,45,32561,20838,5210,6513,4,0.0,EMDT-Iso,2.0755247000051895,OPTIMAL,4253.0,4253.0,0.0,0.0,1.8658764,158.0,16.0,0,0.003523000006680377,357.70703125,0.7999385843697221,0.15733291047205822,0.004256357241324092,0.05581395348837209,0.6549744897959183,1.5890187470336972,0.6446057783578547,0.0,0.0,0.0,0.0,0.7959017180151646
adult_income,45,32561,20838,5210,6513,4,0.0,LGBM-Adv,0.1356666000065161,NA,,,,,,,,0,0.0,391.76953125,0.8263473053892215,0.12091446434720349,0.006650516457652584,0.044489383215369056,0.5809948979591837,1.3844367119952126,0.8545062653473927,0.0,0.0,0.0,0.0,0.8243593435070544
adult_income,45,32561,20838,5210,6513,4,0.0,LGBM-Mono,0.15083729999605566,NA,,,,,,,,0,0.0,391.765625,0.8261937663135268,0.12091462792593466,0.010332569825025985,0.0448938321536906,0.5803571428571429,1.3851834464827388,0.8546512917603847,0.0,0.0,0.0,0.0,0.8238794510029753
adult_income,45,32561,20838,5210,6513,4,0.0,MonoRF,0.9748790999874473,NA,,,,,,,,0,0.0,391.7109375,0.8186703516044833,0.12928840980434214,0.04922032610040787,0.023053589484327605,0.6804846938775511,1.4762373351767402,0.8376519907760881,0.0,0.0,0.0,0.0,0.8146655149246569
adult_income,45,32561,20838,5210,6513,4,0.0,MonoScore,0.013633900001877919,NA,,,,,,,,0,0.0,391.7734375,0.7931828650391525,0.1427270309299248,0.03515713648795064,0.03599595551061679,0.7455357142857143,1.6710512061245126,0.807398281607891,0.0,0.0,0.0,0.0,0.7919665994817161
adult_income,45,32561,20838,5210,6513,4,0.0,MonoXGB1,0.008909900003345683,NA,,,,,,,,0,0.0,391.70703125,0.8126823276523876,0.1335355043411255,0.03891058279203963,0.10091001011122346,0.45982142857142855,1.4241929076989743,0.7907738310187573,0.0,0.0,0.0,0.0,0.807755062865918
adult_income,45,32561,20838,5210,6513,4,0.0,ODT,2.238312200002838,OPTIMAL,4174.0,4174.0,0.0,0.0,2.0657709,158.0,16.0,0,0.0,372.6875,0.8027022877322278,0.19729771226777215,0.19729771226777215,0.0455005055611729,0.6760204081632653,1.579543344132395,0.639239543137781,0.0,0.0,0.0,0.0,0.7996928687973894
adult_income,45,32561,20838,5210,6513,4,0.0,XGB-Mono,0.30663799999456387,NA,,,,,,,,0,0.0,391.7421875,0.8257331490864425,0.12101711332798004,0.010396513608714918,0.04469160768452983,0.5829081632653061,1.3892743649532615,0.8545761669177276,0.0,0.0,0.0,0.0,0.8234955369997121
adult_income,46,32561,20838,5210,6513,4,0.0,CART,0.006729899992933497,NA,,,,,,,,0,0.0,362.21875,0.8134500230308613,0.1309529726165863,0.00861757682362602,0.09929221435793731,0.461734693877551,1.4199304595447886,0.7958709065021357,0.004,3.5049288061336445e-05,0.0015,0.00014153439390946802,0.8086668586236683
adult_income,46,32561,20838,5210,6513,4,0.0,EMDT,2.8687681000010343,OPTIMAL,4249.0,4249.0,0.0,0.0,2.6617351,158.0,16.0,0,0.0,359.00390625,0.8022416705051436,0.19775832949485644,0.19775832949485642,0.05298281092012133,0.6543367346938775,1.5735875239883619,0.6463402271930004,0.0,0.0,0.0,0.0,0.7960936750167963
adult_income,46,32561,20838,5210,6513,4,0.0,EMDT-Cell,1.728133099997649,OPTIMAL,4177.0,4177.0,0.0,0.0,1.3843327,158.0,16.0,160,0.0,367.83203125,0.8037770612620913,0.1962229387379088,0.19622293873790883,0.04266936299292214,0.6804846938775511,1.5743162027197128,0.6384229715647635,0.0,0.0,0.0,0.0,0.7995489010461656
adult_income,46,32561,20838,5210,6513,4,0.0,EMDT-Iso,2.8724378000042634,OPTIMAL,4249.0,4249.0,0.0,0.0,2.6617351,158.0,16.0,0,0.0036697000032290816,359.00390625,0.8022416705051436,0.15643669673810615,0.009660304257569884,0.05298281092012133,0.6543367346938775,1.5735875239883619,0.6463402271930004,0.0,0.0,0.0,0.0,0.7960936750167963
adult_income,46,32561,20838,5210,6513,4,0.0,LGBM-Adv,0.13510660000611097,NA,,,,,,,,0,0.0,374.25,0.8303393213572854,0.12053489387601647,0.006164526586610309,0.04084934277047523,0.5758928571428571,1.3560324281380902,0.8536294004457192,0.0,0.0,0.0,0.0,0.8236874940013437
adult_income,46,32561,20838,5210,6513,4,0.0,LGBM-Mono,0.14646649999485817,NA,,,,,,,,0,0.0,374.22265625,0.8301857822815907,0.12043728487296755,0.006597218015912218,0.04024266936299292,0.5784438775510204,1.3581011019170055,0.8539881941148553,0.0,0.0,0.0,0.0,0.8229196659948171
adult_income,46,32561,20838,5210,6513,4,0.0,MonoRF,1.0678643999999622,NA,,,,,,,,0,0.0,371.53125,0.8183632734530938,0.1304671003995537,0.04854689669292272,0.02082912032355915,0.6887755102040817,1.481696622025959,0.8382925187263985,0.0,0.0,0.0,0.0,0.8148574719262885
adult_income,46,32561,20838,5210,6513,4,0.0,MonoScore,0.01517749999766238,NA,,,,,,,,0,0.0,374.25,0.7950253339474896,0.14080439212375662,0.0456813342390556,0.030535894843276037,0.7551020408163265,1.6628835558490331,0.8159422009450898,0.0,0.0,0.0,0.0,0.7905269219694788
adult_income,46,32561,20838,5210,6513,4,0.0,MonoXGB1,0.00904669999727048,NA,,,,,,,,0,0.0,370.98828125,0.8119146322739137,0.13375350832939148,0.035697664965430885,0.10212335692618807,0.45918367346938777,1.4289841315697158,0.7937036998823795,0.0,0.0,0.0,0.0,0.8071312026106152
adult_income,46,32561,20838,5210,6513,4,0.0,ODT,2.318983200006187,OPTIMAL,4164.0,4164.0,0.0,0.0,2.1125834,158.0,16.0,0,0.0,376.2578125,0.8050053738676494,0.1949946261323507,0.1949946261323507,0.0455005055611729,0.6664540816326531,1.5604106910711706,0.644022706403087,0.0015,0.0015,0.0005,0.0005,0.8001727613014684
adult_income,46,32561,20838,5210,6513,4,0.0,XGB-Mono,0.30045189999509603,NA,,,,,,,,0,0.0,372.91015625,0.8294180869031168,0.12030013650655746,0.007907129326909648,0.04064711830131446,0.5803571428571429,1.363949877220858,0.85435511287427,0.0,0.0,0.0,0.0,0.8222478164891064
adult_income,47,32561,20838,5210,6513,4,0.0,CART,0.006393600007868372,NA,,,,,,,,0,0.0,360.9765625,0.8085367726086289,0.1307875294124064,0.006115344422306329,0.11668351870576339,0.4272959183673469,1.4380094302635107,0.7965264594209777,0.003,0.00041771618625277167,0.0,0.0,0.8099145791342739
adult_income,47,32561,20838,5210,6513,4,0.0,EMDT,1.9765160999959335,OPTIMAL,4253.0,4253.0,0.0,0.0,1.7748203,159.0,16.0,0,0.0,358.71484375,0.7964071856287425,0.20359281437125748,0.20359281437125748,0.05601617795753286,0.6690051020408163,1.618091093869297,0.6374893600008253,0.0,0.0,0.0,0.0,0.7959017180151646
adult_income,47,32561,20838,5210,6513,4,0.0,EMDT-Cell,1.7539509999915026,OPTIMAL,4175.0,4175.0,0.0,0.0,1.4046612,159.0,16.0,160,0.0,393.26953125,0.799324428066943,0.20067557193305696,0.200675571933057,0.043882709807886756,0.6951530612244898,1.6097196714884134,0.6304821144838116,0.0,0.0,0.0,0.0,0.7996448795469815
adult_income,47,32561,20838,5210,6513,4,0.0,EMDT-Iso,1.9792918999883113,OPTIMAL,4253.0,4253.0,0.0,0.0,1.7748203,159.0,16.0,0,0.00277579999237787,358.71484375,0.7964071856287425,0.15932485264723303,0.006177543499098468,0.05601617795753286,0.6690051020408163,1.618091093869297,0.6374893600008253,0.0,0.0,0.0,0.0,0.7959017180151646
adult_income,47,32561,20838,5210,6513,4,0.0,LGBM-Adv,0.13881580000452232,NA,,,,,,,,0,0.0,393.43359375,0.826040227237832,0.12227799986615888,0.005979418348487477,0.053791708796764405,0.5529336734693877,1.3748258909225974,0.8487095293122304,0.0,0.0,0.0,0.0,0.8257990210192917
adult_income,47,32561,20838,5210,6513,4,0.0,LGBM-Mono,0.15704039999400266,NA,,,,,,,,0,0.0,393.43359375,0.8257331490864425,0.12229066739559748,0.005170069400102618,0.05055611729019211,0.5644132653061225,1.3816071170632056,0.8488382410598213,0.0,0.0,0.0,0.0,0.8248872252615415
adult_income,47,32561,20838,5210,6513,4,0.0,MonoRF,0.9780242000124417,NA,,,,,,,,0,0.0,393.30078125,0.814985413787809,0.1317201038497821,0.0502536836128718,0.020222446916076844,0.704719387755102,1.5105510100905883,0.8318493866201688,0.0,0.0,0.0,0.0,0.8159612246856704
adult_income,47,32561,20838,5210,6513,4,0.0,MonoScore,0.017810799996368587,NA,,,,,,,,0,0.0,393.4375,0.7924151696606786,0.1424668774118757,0.036910628444396264,0.036198179979777555,0.7480867346938775,1.677164369286643,0.8083076468706795,0.0,0.0,0.0,0.0,0.7908148574719263
adult_income,47,32561,20838,5210,6513,4,0.0,MonoXGB1,0.008498399998643436,NA,,,,,,,,0,0.0,393.30078125,0.8113004759711346,0.13457469642162323,0.042830073499888224,0.10637007077856421,0.44834183673469385,1.428534027362209,0.7886266791853244,0.0,0.0,0.0,0.0,0.8114982243977349
adult_income,47,32561,20838,5210,6513,4,0.0,ODT,2.016198400000576,OPTIMAL,4160.0,4160.0,0.0,0.0,1.8368892,159.0,16.0,0,0.0,375.46484375,0.7999385843697221,0.2000614156302779,0.2000614156302779,0.046916076845298284,0.6830357142857143,1.6006518127979201,0.6350241044344936,0.0005,0.0005,0.0005,0.0005,0.8003647183031001
adult_income,47,32561,20838,5210,6513,4,0.0,XGB-Mono,0.2954870999965351,NA,,,,,,,,0,0.0,393.39453125,0.8258866881621373,0.1222548708319664,0.005750604447318868,0.041456016177957536,0.5924744897959183,1.3922290604816243,0.848959988444316,0.0,0.0,0.0,0.0,0.8243113542566465
adult_income,48,32561,20838,5210,6513,4,0.0,CART,0.005123499999172054,NA,,,,,,,,0,0.0,365.11328125,0.8020881314294488,0.13288335765275147,0.011312433371780237,0.12275025278058645,0.43494897959183676,1.4836492230866059,0.7953327159984318,0.4255,0.019980783294060254,0.014,0.0007030027772150053,0.8058834821000096
adult_income,48,32561,20838,5210,6513,4,0.0,EMDT,1.8848251000017626,OPTIMAL,4222.0,4222.0,0.0,0.0,1.6838139,159.0,16.0,0,0.0,356.05078125,0.7991708889912482,0.20082911100875173,0.20082911100875173,0.054196157735085945,0.6632653061224489,1.5975114009203275,0.6412692680712325,0.0,0.0,0.0,0.0,0.7973893847778097
adult_income,48,32561,20838,5210,6513,4,0.0,EMDT-Cell,1.675488900000346,OPTIMAL,4160.0,4160.0,0.0,0.0,1.3311458,159.0,16.0,160,0.0,362.75390625,0.8028558268079227,0.1971441731920774,0.1971441731920774,0.04570273003033367,0.6747448979591837,1.5780034460700358,0.6397761860052413,0.0,0.0,0.0,0.0,0.8003647183031001
adult_income,48,32561,20838,5210,6513,4,0.0,EMDT-Iso,1.887862599993241,OPTIMAL,4222.0,4222.0,0.0,0.0,1.6838139,159.0,16.0,0,0.0030374999914783984,356.05078125,0.7991708889912482,0.1579917893456756,0.0070326824528864525,0.054196157735085945,0.6632653061224489,1.5975114009203275,0.6412692680712325,0.0,0.0,0.0,0.0,0.7973893847778097
adult_income,48,32561,20838,5210,6513,4,0.0,LGBM-Adv,0.1467251000140095,NA,,,,,,,,0,0.0,370.4140625,0.8254260709350529,0.12212578656140251,0.010922153558658543,0.062487360970677454,0.5280612244897959,1.368559253832979,0.8498549091021645,0.0,0.0,0.0,0.0,0.8257990210192917
adult_income,48,32561,20838,5210,6513,4,0.0,LGBM-Mono,0.14937579999968875,NA,,,,,,,,0,0.0,370.3828125,0.8258866881621373,0.12203703574386729,0.008885361581257085,0.05884732052578362,0.5376275510204082,1.3694917046697344,0.84990333721962,0.0,0.0,0.0,0.0,0.825655053268068
adult_income,48,32561,20838,5210,6513,4,0.0,MonoRF,0.9482703999965452,NA,,,,,,,,0,0.0,366.34765625,0.8148318747121143,0.1312581824378284,0.05303434279504913,0.022244691607684528,0.6989795918367347,1.509182641711892,0.8347577820309113,0.0,0.0,0.0,0.0,0.8146655149246569
adult_income,48,32561,20838,5210,6513,4,0.0,MonoScore,0.019946900007198565,NA,,,,,,,,0,0.0,370.43359375,0.7916474742822048,0.14233061993464535,0.03992558441155556,0.03700707785642063,0.7487244897959183,1.6824843688739397,0.8115916020098636,0.0,0.0,0.0,0.0,0.7919665994817161
adult_income,48,32561,20838,5210,6513,4,0.0,MonoXGB1,0.007532100004027598,NA,,,,,,,,0,0.0,366.28515625,0.8062336864732075,0.13568511605262756,0.045270075688947115,0.11122345803842265,0.45408163265306123,1.4642805554982357,0.7912819715853986,0.0,0.0,0.0,0.0,0.8092907188789711
adult_income,48,32561,20838,5210,6513,4,0.0,ODT,2.1712011999916285,OPTIMAL,4142.0,4142.0,0.0,0.0,1.9296855000000002,159.0,16.0,0,0.0,376.91015625,0.8033164440350069,0.1966835559649931,0.1966835559649931,0.05096056622851365,0.65625,1.5673028311425683,0.6463947168857432,0.002,0.002,0.0005,0.0005,0.8012285248104425
adult_income,48,32561,20838,5210,6513,4,0.0,XGB-Mono,0.29990290000569075,NA,,,,,,,,0,0.0,368.3671875,0.8275756179947796,0.12207004427909851,0.011689063236810971,0.04711830131445905,0.5676020408163265,1.3707955882049483,0.8499825246074162,0.0,0.0,0.0,0.0,0.8248392360111335
adult_income,49,32561,20838,5210,6513,4,0.0,CART,0.005652599997119978,NA,,,,,,,,0,0.0,361.95703125,0.8079226163058498,0.13115387049756483,0.009551255991387519,0.11911021233569262,0.4221938775510204,1.4399388167805038,0.7992285033325768,0.0005,4.734728241366937e-05,0.007,0.0003722989265142496,0.8032440733275746
adult_income,49,32561,20838,5210,6513,4,0.0,EMDT,2.234782700004871,OPTIMAL,4208.0,4208.0,0.0,0.0,2.0324673,158.0,16.0,0,0.0,380.1875,0.796714263780132,0.20328573621986795,0.20328573621986795,0.05500505561172902,0.6709183673469388,1.6168620127525226,0.6370382885206661,0.0,0.0,0.0,0.0,0.7980612342835205
adult_income,49,32561,20838,5210,6513,4,0.0,EMDT-Cell,1.6515248000068823,OPTIMAL,4143.0,4143.0,0.0,0.0,1.3322998000000001,158.0,16.0,160,0.0,394.19921875,0.8033164440350069,0.1966835559649931,0.1966835559649931,0.0416582406471183,0.6855867346938775,1.5794646726233466,0.636377512329502,0.0,0.0,0.0,0.0,0.8011805355600345
adult_income,49,32561,20838,5210,6513,4,0.0,EMDT-Iso,2.2374341000104323,OPTIMAL,4208.0,4208.0,0.0,0.0,2.0324673,158.0,16.0,0,0.0026514000055612996,380.1875,0.796714263780132,0.1592260575127063,0.0025336584583422737,0.05500505561172902,0.6709183673469388,1.6168620127525226,0.6370382885206661,0.0,0.0,0.0,0.0,0.7980612342835205
adult_income,49,32561,20838,5210,6513,4,0.0,LGBM-Adv,0.14157359999080654,NA,,,,,,,,0,0.0,394.22265625,0.8255796100107478,0.12188234234520312,0.008829374312774267,0.04772497472194136,0.5739795918367347,1.3865840572831762,0.8515845860588926,0.0,0.0,0.0,0.0,0.8235915155005279
adult_income,49,32561,20838,5210,6513,4,0.0,LGBM-Mono,0.14534259999345522,NA,,,,,,,,0,0.0,394.22265625,0.8269614616920006,0.12206518582876145,0.008426376893628093,0.04570273003033367,0.5746173469387755,1.3777483440292193,0.8508865376281958,0.0,0.0,0.0,0.0,0.8227756982435934
adult_income,49,32561,20838,5210,6513,4,0.0,MonoRF,1.0229502999864053,NA,,,,,,,,0,0.0,394.21484375,0.8134500230308613,0.13110082588003763,0.05007394820650623,0.02062689585439838,0.7098214285714286,1.5227773364148491,0.8347828021501827,0.0,0.0,0.0,0.0,0.8128899126595642
adult_income,49,32561,20838,5210,6513,4,0.0,MonoScore,0.013823800007230602,NA,,,,,,,,0,0.0,394.22265625,0.7944111776447106,0.14213452759291012,0.03751259925068539,0.03538928210313448,0.7423469387755102,1.6616402880666927,0.8101312137595179,0.0,0.0,0.0,0.0,0.7904789327190709
adult_income,49,32561,20838,5210,6513,4,0.0,MonoXGB1,0.007149600001866929,NA,,,,,,,,0,0.0,394.2109375,0.8109933978197451,0.13500861823558807,0.03957734960629682,0.09989888776541962,0.4700255102040816,1.4395454592352612,0.7906428623016446,0.0,0.0,0.0,0.0,0.809386697379787
adult_income,49,32561,20838,5210,6513,4,0.0,ODT,1.9890995000023395,OPTIMAL,4134.0,4134.0,0.0,0.0,1.8042922000000001,158.0,16.0,0,0.0,376.51953125,0.8036235221863964,0.19637647781360357,0.19637647781360357,0.04368048533872598,0.6779336734693877,1.5742697736324054,0.6391929205959431,0.0015,0.0015,0.0,0.0,0.8016124388137057
adult_income,49,32561,20838,5210,6513,4,0.0,XGB-Mono,0.3025389000104042,NA,,,,,,,,0,0.0,394.21484375,0.826654383540611,0.12189368158578873,0.009226550070622407,0.04590495449949444,0.5752551020408163,1.380034976579105,0.8513357390478942,0.0,0.0,0.0,0.0,0.8231116229964488
adult_income,50,32561,20838,5210,6513,4,0.0,CART,0.006398099998477846,NA,,,,,,,,0,0.0,364.18359375,0.797328420082911,0.1343743027833406,0.013630417833367915,0.12537917087967643,0.44642857142857145,1.519752997255525,0.7871421736035163,0.391,0.024562532757630935,0.0205,0.0009751661756611182,0.8086668586236683
adult_income,50,32561,20838,5210,6513,4,0.0,EMDT,2.2938633000012487,OPTIMAL,4214.0,4214.0,0.0,0.0,2.1071365,159.0,16.0,0,0.0,378.00390625,0.7941040994933211,0.20589590050667894,0.20589590050667894,0.059453993933265926,0.6677295918367347,1.6327291533397992,0.6364082071149997,0.0,0.0,0.0,0.0,0.7977732987810731
adult_income,50,32561,20838,5210,6513,4,0.0,EMDT-Cell,1.742189699987648,OPTIMAL,4132.0,4132.0,0.0,0.0,1.3750566000000002,159.0,16.0,160,0.0,364.17578125,0.7974819591586059,0.20251804084139413,0.20251804084139413,0.0487360970677452,0.6875,1.618680485338726,0.6318819514661274,0.0,0.0,0.0,0.0,0.8017084173145216
adult_income,50,32561,20838,5210,6513,4,0.0,EMDT-Iso,2.2970464999962132,OPTIMAL,4214.0,4214.0,0.0,0.0,2.1071365,159.0,16.0,0,0.003183199994964525,378.00390625,0.7941040994933211,0.16012675055302444,0.0031828593036510597,0.059453993933265926,0.6677295918367347,1.6327291533397992,0.6364082071149997,0.0,0.0,0.0,0.0,0.7977732987810731
adult_income,50,32561,20838,5210,6513,4,0.0,LGBM-Adv,0.13073800000711344,NA,,,,,,,,0,0.0,372.66796875,0.8237371411024106,0.12243057594027751,0.011323900428832854,0.0487360970677452,0.5784438775510204,1.4005682404407669,0.8478610377416892,0.0,0.0,0.0,0.0,0.824071408004607
adult_income,50,32561,20838,5210,6513,4,0.0,LGBM-Mono,0.1556577000010293,NA,,,,,,,,0,0.0,372.6484375,0.8218946721940734,0.12242999944640306,0.011452127343986703,0.062487360970677454,0.5427295918367347,1.3978959885268567,0.848101372753348,0.0,0.0,0.0,0.0,0.8243593435070544
adult_income,50,32561,20838,5210,6513,4,0.0,MonoRF,0.940313300001435,NA,,,,,,,,0,0.0,369.49609375,0.8183632734530938,0.13183434166729094,0.0439143291163423,0.024064711830131445,0.6785714285714286,1.4774664162935145,0.8290851148346093,0.0,0.0,0.0,0.0,0.8150494289279201
adult_income,50,32561,20838,5210,6513,4,0.0,MonoScore,0.016445700006443076,NA,,,,,,,,0,0.0,372.6875,0.7878089973898357,0.1442436242542872,0.02861663773583846,0.042467138523761376,0.7474489795918368,1.7072336518024804,0.8001465095643919,0.0,0.0,0.0,0.0,0.7924464919857952
adult_income,50,32561,20838,5210,6513,4,0.0,MonoXGB1,0.00910150000709109,NA,,,,,,,,0,0.0,368.16015625,0.8023952095808383,0.13776549696922302,0.046390051661356985,0.11547017189079879,0.45663265306122447,1.490616165576443,0.782059284785704,0.0,0.0,0.0,0.0,0.8122180631538536
adult_income,50,32561,20838,5210,6513,4,0.0,ODT,2.117487899988191,OPTIMAL,4129.0,4129.0,0.0,0.0,1.9331166000000002,159.0,16.0,0,0.0,356.0859375,0.7977890373099954,0.2022109626900046,0.2022109626900046,0.05217391304347826,0.6753826530612245,1.6116348713398403,0.6362217169476485,0.0015,0.0015,0.0,0.0,0.8018523850657453
adult_income,50,32561,20838,5210,6513,4,0.0,XGB-Mono,0.30448120000073686,NA,,,,,,,,0,0.0,371.375,0.8243512974051896,0.12239415943622589,0.010503264784963934,0.04772497472194136,0.5790816326530612,1.3967881389158292,0.847775853263449,0.0,0.0,0.0,0.0,0.8245513005086861
adult_income,51,32561,20838,5210,6513,4,0.0,CART,0.005408500001067296,NA,,,,,,,,0,0.0,359.81640625,0.8028558268079227,0.1350114511000879,0.006498521128090067,0.11183013144590495,0.46619897959183676,1.4915486164131981,0.7889810878851036,0.0465,0.0003549618320610693,0.0075,0.00026766499282639887,0.8056915250983779
adult_income,51,32561,20838,5210,6513,4,0.0,EMDT,2.061120700003812,OPTIMAL,4202.0,4202.0,0.0,0.0,1.8681041,159.0,16.0,0,0.0,357.78515625,0.7962536465530478,0.20374635344695224,0.20374635344695224,0.059453993933265926,0.6588010204081632,1.6148720104826562,0.6408724928292855,0.0,0.0,0.0,0.0,0.7983491697859679
adult_income,51,32561,20838,5210,6513,4,0.0,EMDT-Cell,1.9344166999944719,OPTIMAL,4154.0,4154.0,0.0,0.0,1.5234165000000002,159.0,16.0,160,0.0,363.1328125,0.799324428066943,0.20067557193305696,0.20067557193305696,0.04833164812942366,0.6811224489795918,1.6039031386063018,0.6352729514454921,0.0,0.0,0.0,0.0,0.8006526538055475
adult_income,51,32561,20838,5210,6513,4,0.0,EMDT-Iso,2.064553500007605,OPTIMAL,4202.0,4202.0,0.0,0.0,1.8681041,159.0,16.0,0,0.0034328000037930906,357.78515625,0.7962536465530478,0.15898399477006842,0.008434817275031583,0.059453993933265926,0.6588010204081632,1.6148720104826562,0.6408724928292855,0.0,0.0,0.0,0.0,0.7983491697859679
adult_income,51,32561,20838,5210,6513,4,0.0,LGBM-Adv,0.1369340000092052,NA,,,,,,,,0,0.0,371.16015625,0.8225088284968525,0.12269817815441236,0.006828364899789942,0.04408493427704752,0.5982142857142857,1.416853242813809,0.8519562122118818,0.0,0.0,0.0,0.0,0.8261829350225549
adult_income,51,32561,20838,5210,6513,4,0.0,LGBM-Mono,0.15952780000225175,NA,,,,,,,,0,0.0,370.91796875,0.822815906648242,0.12269087486621588,0.006525515160471428,0.04327603640040445,0.5994897959183674,1.415359773838757,0.8519328686985411,0.0,0.0,0.0,0.0,0.8262789135233708
adult_income,51,32561,20838,5210,6513,4,0.0,MonoRF,0.9488993999984814,NA,,,,,,,,0,0.0,367.27734375,0.8146783356364194,0.13232789235848982,0.05278421646924222,0.02184024266936299,0.7008928571428571,1.5109869276325292,0.8348459972967953,0.0,0.0,0.0,0.0,0.8160092139360783
adult_income,51,32561,20838,5210,6513,4,0.0,MonoScore,0.014464000007137656,NA,,,,,,,,0,0.0,371.18359375,0.7951788730231844,0.14213003785469394,0.038835270256941196,0.03174924165824065,0.7506377551020408,1.6600217184952848,0.811454636202307,0.0,0.0,0.0,0.0,0.7912947499760054
adult_income,51,32561,20838,5210,6513,4,0.0,MonoXGB1,0.009000899997772649,NA,,,,,,,,0,0.0,367.1875,0.8106863196683556,0.13592378795146942,0.0368920757796895,0.09848331648129424,0.475765306122449,1.4439471946513693,0.7861082236231196,0.0,0.0,0.0,0.0,0.8115462136481428
adult_income,51,32561,20838,5210,6513,4,0.0,ODT,2.30359199999657,OPTIMAL,4131.0,4131.0,0.0,0.0,2.1179322000000003,159.0,16.0,0,0.0,353.890625,0.7994779671426377,0.2005220328573622,0.2005220328573622,0.05298281092012133,0.6658163265306123,1.5965467076618314,0.6406004312746332,0.003,0.003,0.0,0.0,0.8017564065649294
adult_income,51,32561,20838,5210,6513,4,0.0,XGB-Mono,0.31322650000220165,NA,,,,,,,,0,0.0,369.55859375,0.822815906648242,0.12258186936378479,0.008276030196007318,0.043478260869565216,0.5988520408163265,1.4150953859804791,0.8524389457501911,0.0,0.0,0.0,0.0,0.8261829350225549
bank_marketing,42,45211,28934,7234,9043,4,0.0,CART,0.013957599992863834,NA,,,,,,,,0,0.0,387.94921875,0.886873825058056,0.08397718498423785,0.005213219562965806,0.02617407639323732,0.7693761814744802,1.6696227449151468,0.8081393752226824,0.0045,1.7802799756542807e-05,0.0,0.0,0.891131540747909
bank_marketing,42,45211,28934,7234,9043,4,0.0,EMDT,0.5603419000108261,OPTIMAL,3359.0,3359.0,0.0,0.0,0.35597090000000003,150.0,16.0,0,0.0,394.2734375,0.8835563419219286,0.11644365807807143,0.11644365807807144,0.005760801502817783,0.9517958412098299,1.9323956899337487,0.5212216786436761,0.0,0.0,0.0,0.0,0.8839082048800719
bank_marketing,42,45211,28934,7234,9043,4,0.0,EMDT-Cell,1.0448080000060145,OPTIMAL,3359.0,3359.0,0.0,0.0,0.626322,150.0,16.0,150,0.0,368.34375,0.8835563419219286,0.11644365807807143,0.11644365807807144,0.005760801502817783,0.9517958412098299,1.9323956899337487,0.5212216786436761,0.0,0.0,0.0,0.0,0.8839082048800719
bank_marketing,42,45211,28934,7234,9043,4,0.0,EMDT-Iso,0.5634876000112854,OPTIMAL,3359.0,3359.0,0.0,0.0,0.35597090000000003,150.0,16.0,0,0.0031457000004593283,394.2734375,0.8835563419219286,0.10150578784683971,0.0012647995240614102,0.005760801502817783,0.9517958412098299,1.9323956899337487,0.5212216786436761,0.0,0.0,0.0,0.0,0.8839082048800719
bank_marketing,42,45211,28934,7234,9043,4,0.0,LGBM-Adv,0.19753550000314135,NA,,,,,,,,0,0.0,377.015625,0.8874267389140772,0.08166600181850117,0.007070596921334911,0.024045084533500315,0.780718336483932,1.6816620956353656,0.8508761702293881,0.0,0.0,0.0,0.0,0.8923411902951545
bank_marketing,42,45211,28934,7234,9043,4,0.0,LGBM-Mono,0.21665849999408238,NA,,,,,,,,0,0.0,376.984375,0.887316156142873,0.0818273138591166,0.007872513926561166,0.02517219787100814,0.7731568998109641,1.672174788976969,0.8510900045335477,0.0,0.0,0.0,0.0,0.8920301375544343
bank_marketing,42,45211,28934,7234,9043,4,0.0,MonoRF,2.128791299997829,NA,,,,,,,,0,0.0,373.37890625,0.8836669246931328,0.08649165231875049,0.041980954890496,0.0017532874139010645,0.9810964083175804,1.970959253704666,0.836343249926315,0.0,0.0,0.0,0.0,0.8841846962051566
bank_marketing,42,45211,28934,7234,9043,4,0.0,MonoScore,0.016795599993201904,NA,,,,,,,,0,0.0,377.1640625,0.8828928452947031,0.09652463354749732,0.04598795369221401,0.0002504696305572949,0.999054820415879,1.9993619889845444,0.8164500309535956,0.0,0.0,0.0,0.0,0.8831132923204534
bank_marketing,42,45211,28934,7234,9043,4,0.0,MonoXGB1,0.013927799998782575,NA,,,,,,,,0,0.0,371.53125,0.8674112573261086,0.09211691468954086,0.0463098340827313,0.07050720100187852,0.6011342155009451,1.554804436011283,0.8035043258093804,0.0,0.0,0.0,0.0,0.8705329370291007
bank_marketing,42,45211,28934,7234,9043,4,0.0,ODT,0.7088530999899376,OPTIMAL,3359.0,3359.0,0.0,0.0,0.5007213,150.0,16.0,0,0.0,390.6796875,0.8835563419219286,0.11644365807807143,0.11644365807807144,0.005760801502817783,0.9517958412098299,1.9323956899337487,0.5212216786436761,0.0,0.0,0.0,0.0,0.8839082048800719
bank_marketing,42,45211,28934,7234,9043,4,0.0,XGB-Mono,0.44767520000459626,NA,,,,,,,,0,0.0,374.6484375,0.887316156142873,0.08182863146066666,0.007391970577936705,0.024295554164057608,0.779773156899811,1.68102408461991,0.8508153283626081,0.0,0.0,0.0,0.0,0.8916845233980784
bank_marketing,43,45211,28934,7234,9043,4,5.529138560212319e-05,CART,0.013625999999931082,NA,,,,,,,,0,0.0,377.82421875,0.8896383943381622,0.08257763161758,0.0035380395893327816,0.023544145272385724,0.7655954631379962,1.648911652637921,0.8211009418652413,0.0,0.0,0.0,0.0,0.890543996682104
bank_marketing,43,45211,28934,7234,9043,4,5.529138560212319e-05,EMDT,0.7504045000096085,OPTIMAL,3340.0,3340.0,0.0,0.0,0.5576678,150.0,16.0,0,0.0,375.7265625,0.8815658520402522,0.11843414795974787,0.11843414795974787,0.006261740763932373,0.9650283553875236,1.961365414594709,0.514354951924272,0.0,0.0,0.0,0.0,0.884564871777148
bank_marketing,43,45211,28934,7234,9043,4,5.529138560212319e-05,EMDT-Cell,1.190534800000023,OPTIMAL,3340.0,3340.0,0.0,0.0,0.7739064,150.0,16.0,150,0.0,392.2890625,0.8815658520402522,0.11843414795974787,0.11843414795974787,0.006261740763932373,0.9650283553875236,1.961365414594709,0.514354951924272,0.0,0.0,0.0,0.0,0.884564871777148
bank_marketing,43,45211,28934,7234,9043,4,5.529138560212319e-05,EMDT-Iso,0.7552155000157654,OPTIMAL,3340.0,3340.0,0.0,0.0,0.5576678,150.0,16.0,0,0.0048110000061569735,375.7265625,0.8815658520402522,0.1024503883790696,0.0015933575208499301,0.006261740763932373,0.9650283553875236,1.961365414594709,0.514354951924272,0.0,0.0,0.0,0.0,0.884564871777148
bank_marketing,43,45211,28934,7234,9043,4,5.529138560212319e-05,LGBM-Adv,0.1911099999997532,NA,,,,,,,,0,0.0,392.33203125,0.8880902355413026,0.08140459644611064,0.008826341416363645,0.024921728240450844,0.7684310018903592,1.6614706449829726,0.852853234976261,0.0,0.0,0.0,0.0,0.8927559272827815
bank_marketing,43,45211,28934,7234,9043,4,5.529138560212319e-05,LGBM-Mono,0.21275220000825357,NA,,,,,,,,0,0.0,392.3046875,0.8874267389140772,0.08175139853802317,0.009437274265673512,0.0271759549154665,0.7570888468809074,1.6500574683391473,0.852425033705684,0.0,0.0,0.0,0.0,0.8919955761387987
bank_marketing,43,45211,28934,7234,9043,4,5.529138560212319e-05,MonoRF,2.2287520000099903,NA,,,,,,,,0,0.0,392.30078125,0.8833351763795201,0.08616685756243365,0.038539302662843396,0.001878522229179712,0.9829867674858223,1.9753661461175431,0.8363579277307522,0.0,0.0,0.0,0.0,0.884564871777148
bank_marketing,43,45211,28934,7234,9043,4,5.529138560212319e-05,MonoScore,0.01872239999647718,NA,,,,,,,,0,0.0,392.33203125,0.8831140108371116,0.09564864091008157,0.043477761936682686,0.0003757044458359424,0.996219281663516,1.9943170855562118,0.8301340059871237,0.0,0.0,0.0,0.0,0.8830441694891823
bank_marketing,43,45211,28934,7234,9043,4,5.529138560212319e-05,MonoXGB1,0.014179899997543544,NA,,,,,,,,0,0.0,392.30078125,0.8906336392790003,0.08981224149465561,0.047483479727504926,0.02705072010018785,0.7306238185255198,1.596501237551979,0.812818043756429,0.0,0.0,0.0,0.0,0.8894380313817654
bank_marketing,43,45211,28934,7234,9043,4,5.529138560212319e-05,ODT,1.0326560999965295,OPTIMAL,3340.0,3340.0,0.0,0.0,0.8237527,150.0,16.0,0,0.0,360.33984375,0.8815658520402522,0.11843414795974787,0.11843414795974787,0.006261740763932373,0.9650283553875236,1.961365414594709,0.514354951924272,0.0,0.0,0.0,0.0,0.884564871777148
bank_marketing,43,45211,28934,7234,9043,4,5.529138560212319e-05,XGB-Mono,0.4232339000009233,NA,,,,,,,,0,0.0,392.3046875,0.8876479044564857,0.08184795826673508,0.009110188800546714,0.026048841577958674,0.7637051039697542,1.6576544158293018,0.8517352360818312,0.0,0.0,0.0,0.0,0.8923411902951545
bank_marketing,44,45211,28934,7234,9043,4,5.529138560212319e-05,CART,0.011810500000137836,NA,,,,,,,,0,0.0,371.984375,0.8898595598805706,0.08352823859423257,0.004226287503835799,0.024420788979336257,0.7570888468809074,1.636281638658496,0.7924108648896263,0.002,3.53676824265059e-05,0.0,0.0,0.8899218912006636
bank_marketing,44,45211,28934,7234,9043,4,5.529138560212319e-05,EMDT,0.6124778000084916,OPTIMAL,3356.0,3356.0,0.0,0.0,0.40413720000000003,150.0,16.0,0,0.0,383.7421875,0.8826716797522945,0.11732832024770541,0.11732832024770541,0.005510331872260488,0.9612476370510397,1.9500469334633816,0.5166210155383499,0.0,0.0,0.0,0.0,0.8840118891269786
bank_marketing,44,45211,28934,7234,9043,4,5.529138560212319e-05,EMDT-Cell,0.8335343000071589,OPTIMAL,3356.0,3356.0,0.0,0.0,0.4887344,150.0,16.0,150,0.0,395.05859375,0.8826716797522945,0.11732832024770541,0.11732832024770541,0.005510331872260488,0.9612476370510397,1.9500469334633816,0.5166210155383499,0.0,0.0,0.0,0.0,0.8840118891269786
bank_marketing,44,45211,28934,7234,9043,4,5.529138560212319e-05,EMDT-Iso,0.6167600000044331,OPTIMAL,3356.0,3356.0,0.0,0.0,0.40413720000000003,150.0,16.0,0,0.0042821999959414825,383.7421875,0.8826716797522945,0.10209976833631655,0.0013963552579833844,0.005510331872260488,0.9612476370510397,1.9500469334633816,0.5166210155383499,0.0,0.0,0.0,0.0,0.8840118891269786
bank_marketing,44,45211,28934,7234,9043,4,5.529138560212319e-05,LGBM-Adv,0.1857441000029212,NA,,,,,,,,0,0.0,395.1171875,0.8916288842198385,0.0809919100200671,0.00763031593631568,0.01916092673763306,0.781663516068053,1.6591316658242712,0.8501381962635517,0.0,0.0,0.0,0.0,0.8915117163199004
bank_marketing,44,45211,28934,7234,9043,4,5.529138560212319e-05,LGBM-Mono,0.1995628000004217,NA,,,,,,,,0,0.0,395.1171875,0.8909653875926131,0.08109043183989209,0.005341842793243961,0.020914214151534126,0.774102079395085,1.6527752295478406,0.8506578378883848,0.0,0.0,0.0,0.0,0.8903711896039261
bank_marketing,44,45211,28934,7234,9043,4,5.529138560212319e-05,MonoRF,2.146541399997659,NA,,,,,,,,0,0.0,395.0859375,0.8838880902355413,0.08693639320361381,0.03650693117923984,0.0012523481527864746,0.9829867674858223,1.9722352757355768,0.834619614044765,0.0,0.0,0.0,0.0,0.8839427662957074
bank_marketing,44,45211,28934,7234,9043,4,5.529138560212319e-05,MonoScore,0.015287699992768466,NA,,,,,,,,0,0.0,395.1171875,0.8833351763795201,0.09623406490962984,0.04037785985381425,0.0003757044458359424,0.994328922495274,1.9905363672197278,0.8168034819539945,0.0,0.0,0.0,0.0,0.8829404852422755
bank_marketing,44,45211,28934,7234,9043,4,5.529138560212319e-05,MonoXGB1,0.013511000011931174,NA,,,,,,,,0,0.0,395.08203125,0.8740462235983634,0.09129409492015839,0.04573003254953599,0.059611772072636196,0.6266540642722117,1.5513669889076045,0.7973415418560084,0.0,0.0,0.0,0.0,0.8757171493744383
bank_marketing,44,45211,28934,7234,9043,4,5.529138560212319e-05,ODT,0.7091666999913286,OPTIMAL,3356.0,3356.0,0.0,0.0,0.5089522000000001,150.0,16.0,0,0.0,381.7890625,0.8826716797522945,0.11732832024770541,0.11732832024770541,0.005510331872260488,0.9612476370510397,1.9500469334633816,0.5166210155383499,0.0,0.0,0.0,0.0,0.8840118891269786
bank_marketing,44,45211,28934,7234,9043,4,5.529138560212319e-05,XGB-Mono,0.4214472999883583,NA,,,,,,,,0,0.0,395.1171875,0.8909653875926131,0.08101192861795425,0.005104450218382511,0.020538509705698184,0.776937618147448,1.6565677848233868,0.8508191753678033,0.0,0.0,0.0,0.0,0.8907168037602821
bank_marketing,45,45211,28934,7234,9043,4,5.529138560212319e-05,CART,0.014004500000737607,NA,,,,,,,,0,0.0,368.91015625,0.885989162888422,0.08445658704959119,0.005930058579300174,0.02867877269881027,0.7580340264650284,1.659461916424108,0.8099223733536297,0.0,0.0,0.0,0.0,0.8899910140319347
bank_marketing,45,45211,28934,7234,9043,4,5.529138560212319e-05,EMDT,0.6922581999970134,OPTIMAL,3363.0,3363.0,0.0,0.0,0.49000150000000003,150.0,16.0,0,0.0,372.1015625,0.8843304213203583,0.11566957867964171,0.11566957867964171,0.004383218534752661,0.9555765595463138,1.933069211766391,0.5200201109594668,0.0,0.0,0.0,0.0,0.8837699592175295
bank_marketing,45,45211,28934,7234,9043,4,5.529138560212319e-05,EMDT-Cell,0.9841264999995474,OPTIMAL,3363.0,3363.0,0.0,0.0,0.6440183,150.0,16.0,150,0.0,389.109375,0.8843304213203583,0.11566957867964171,0.11566957867964171,0.004383218534752661,0.9555765595463138,1.933069211766391,0.5200201109594668,0.0,0.0,0.0,0.0,0.8837699592175295
bank_marketing,45,45211,28934,7234,9043,4,5.529138560212319e-05,EMDT-Iso,0.69637469999725,OPTIMAL,3363.0,3363.0,0.0,0.0,0.49000150000000003,150.0,16.0,0,0.004116500000236556,372.1015625,0.8843304213203583,0.10145305053368853,0.0012565985578821609,0.004383218534752661,0.9555765595463138,1.933069211766391,0.5200201109594668,0.0,0.0,0.0,0.0,0.8837699592175295
bank_marketing,45,45211,28934,7234,9043,4,5.529138560212319e-05,LGBM-Adv,0.19532430000253953,NA,,,,,,,,0,0.0,389.12890625,0.8877584872276899,0.08184474820371648,0.008300614594521862,0.023418910457107076,0.782608695652174,1.6823119435898832,0.8486230680635833,0.0,0.0,0.0,0.0,0.8927213658671459
bank_marketing,45,45211,28934,7234,9043,4,5.529138560212319e-05,LGBM-Mono,0.21198439999716356,NA,,,,,,,,0,0.0,389.12890625,0.8877584872276899,0.08188947711322538,0.010232413110072119,0.025798371947401377,0.7646502835538752,1.6582924268447572,0.848491086193039,0.0,0.0,0.0,0.0,0.8913389092417225
bank_marketing,45,45211,28934,7234,9043,4,5.529138560212319e-05,MonoRF,2.087773000006564,NA,,,,,,,,0,0.0,389.12109375,0.8844410040915626,0.08742229376582591,0.038798428775656764,0.0005009392611145899,0.9839319470699432,1.9703685904454595,0.8309143561948029,0.0,0.0,0.0,0.0,0.8836317135549873
bank_marketing,45,45211,28934,7234,9043,4,5.529138560212319e-05,MonoScore,0.019091399997705594,NA,,,,,,,,0,0.0,389.12890625,0.8834457591507243,0.09624243693795179,0.04532016181728174,0.0,0.996219281663516,1.992438563327032,0.8160766347108769,0.0,0.0,0.0,0.0,0.8829750466579112
bank_marketing,45,45211,28934,7234,9043,4,5.529138560212319e-05,MonoXGB1,0.014943300004233606,NA,,,,,,,,0,0.0,389.11328125,0.8857679973460135,0.09307007491588593,0.0452192444422268,0.03231058234189105,0.7325141776937618,1.6265812670969788,0.804629130943771,0.0,0.0,0.0,0.0,0.8892997857192231
bank_marketing,45,45211,28934,7234,9043,4,5.529138560212319e-05,ODT,0.919395999997505,OPTIMAL,3363.0,3363.0,0.0,0.0,0.7218414000000001,150.0,16.0,0,0.0,353.78125,0.8843304213203583,0.11566957867964171,0.11566957867964171,0.004383218534752661,0.9555765595463138,1.933069211766391,0.5200201109594668,0.0,0.0,0.0,0.0,0.8837699592175295
bank_marketing,45,45211,28934,7234,9043,4,5.529138560212319e-05,XGB-Mono,0.4173088999959873,NA,,,,,,,,0,0.0,389.12890625,0.887316156142873,0.08198332786560059,0.009551854799123863,0.025923606762680025,0.7674858223062382,1.6645896784258765,0.8482824601420669,0.0,0.0,0.0,0.0,0.8916845233980784
bank_marketing,46,45211,28934,7234,9043,4,2.7645692801061596e-05,CART,0.012707900008535944,NA,,,,,,,,0,0.0,371.68359375,0.8903018909653876,0.0832598493683912,0.007845034502668904,0.018033813400125234,0.8015122873345936,1.6931936416698132,0.8000532070410847,0.0,0.0,0.0,0.0,0.8891269786410452
bank_marketing,46,45211,28934,7234,9043,4,2.7645692801061596e-05,EMDT,0.6520523999934085,OPTIMAL,3361.0,3361.0,0.0,0.0,0.45024280000000005,150.0,16.0,0,0.0,382.984375,0.8833351763795201,0.11666482362047993,0.11666482362047993,0.005134627426424546,0.9584120982986768,1.9424973337294764,0.5182266371374493,0.0,0.0,0.0,0.0,0.8838390820488007
bank_marketing,46,45211,28934,7234,9043,4,2.7645692801061596e-05,EMDT-Cell,1.0014108000032138,OPTIMAL,3361.0,3361.0,0.0,0.0,0.6416254,150.0,16.0,150,0.0,392.3203125,0.8833351763795201,0.11666482362047993,0.11666482362047993,0.005134627426424546,0.9584120982986768,1.9424973337294764,0.5182266371374493,0.0,0.0,0.0,0.0,0.8838390820488007
bank_marketing,46,45211,28934,7234,9043,4,2.7645692801061596e-05,EMDT-Iso,0.6552144999877783,OPTIMAL,3361.0,3361.0,0.0,0.0,0.45024280000000005,150.0,16.0,0,0.0031620999943697825,382.984375,0.8833351763795201,0.10178544887429859,8.159385384213589e-05,0.005134627426424546,0.9584120982986768,1.9424973337294764,0.5182266371374493,0.0,0.0,0.0,0.0,0.8838390820488007
bank_marketing,46,45211,28934,7234,9043,4,2.7645692801061596e-05,LGBM-Adv,0.18722100000013597,NA,,,,,,,,0,0.0,392.33203125,0.8904124737365918,0.08104816134525218,0.009595668742132107,0.023043206011271133,0.7627599243856332,1.640735878827622,0.8486482215590906,0.0,0.0,0.0,0.0,0.8914771549042648
bank_marketing,46,45211,28934,7234,9043,4,2.7645692801061596e-05,LGBM-Mono,0.215278000003309,NA,,,,,,,,0,0.0,392.33203125,0.8905230565077961,0.08119969061215802,0.007708308724890618,0.023293675641828427,0.7599243856332704,1.636317149475683,0.8484241483026421,0.0,0.0,0.0,0.0,0.8915462777355361
bank_marketing,46,45211,28934,7234,9043,4,2.7645692801061596e-05,MonoRF,2.1074222000024747,NA,,,,,,,,0,0.0,392.3203125,0.8842198385491541,0.08685921973997641,0.03623729809376623,0.0006261740763932373,0.9848771266540642,1.9728851236900946,0.8347472162478561,0.0,0.0,0.0,0.0,0.8840810119582498
bank_marketing,46,45211,28934,7234,9043,4,2.7645692801061596e-05,MonoScore,0.018418100007693283,NA,,,,,,,,0,0.0,392.33203125,0.8832245936083158,0.09591260690729621,0.045702097924597486,0.0002504696305572949,0.996219281663516,1.9936909114798185,0.8204746494194572,0.0,0.0,0.0,0.0,0.8829750466579112
bank_marketing,46,45211,28934,7234,9043,4,2.7645692801061596e-05,MonoXGB1,0.011709700003848411,NA,,,,,,,,0,0.0,392.3203125,0.8838880902355413,0.09182275086641312,0.04752880335595642,0.043206011271133375,0.666351606805293,1.548733269966253,0.8030183010914842,0.0,0.0,0.0,0.0,0.884737678855326
bank_marketing,46,45211,28934,7234,9043,4,2.7645692801061596e-05,ODT,0.8078900999971665,OPTIMAL,3361.0,3361.0,0.0,0.0,0.6145418,150.0,16.0,0,0.0,380.80078125,0.8833351763795201,0.11666482362047993,0.11666482362047993,0.005134627426424546,0.9584120982986768,1.9424973337294764,0.5182266371374493,0.0,0.0,0.0,0.0,0.8838390820488007
bank_marketing,46,45211,28934,7234,9043,4,2.7645692801061596e-05,XGB-Mono,0.43292080001265276,NA,,,,,,,,0,0.0,392.32421875,0.8903018909653876,0.08103002607822418,0.008275830285698556,0.023293675641828427,0.7618147448015122,1.6400978678121665,0.8492156252330397,0.0,0.0,0.0,0.0,0.8910624179166379
bank_marketing,47,45211,28934,7234,9043,4,5.529138560212319e-05,CART,0.01263440000184346,NA,,,,,,,,0,0.0,385.62109375,0.8921817980758597,0.08205518739619824,0.0036889288439955308,0.022417031934877898,0.7523629489603024,1.6168110575949943,0.8060279612174528,0.0035,2.738478027867086e-06,0.0,0.0,0.8891961014723163
bank_marketing,47,45211,28934,7234,9043,4,5.529138560212319e-05,EMDT,0.6493031000136398,OPTIMAL,3367.0,3367.0,0.0,0.0,0.43607330000000005,150.0,16.0,0,0.0,390.78515625,0.8842198385491541,0.11578016145084596,0.11578016145084595,0.004383218534752661,0.9565217391304348,1.934959570934633,0.5195475211674063,0.0,0.0,0.0,0.0,0.8836317135549873
bank_marketing,47,45211,28934,7234,9043,4,5.529138560212319e-05,EMDT-Cell,0.992448200006038,OPTIMAL,3367.0,3367.0,0.0,0.0,0.6121188000000001,150.0,16.0,150,0.0,394.44921875,0.8842198385491541,0.11578016145084596,0.11578016145084595,0.004383218534752661,0.9565217391304348,1.934959570934633,0.5195475211674063,0.0,0.0,0.0,0.0,0.8836317135549873
bank_marketing,47,45211,28934,7234,9043,4,5.529138560212319e-05,EMDT-Iso,0.6533940000081202,OPTIMAL,3367.0,3367.0,0.0,0.0,0.43607330000000005,150.0,16.0,0,0.004090899994480424,390.78515625,0.8842198385491541,0.10149126575762785,0.0015906588365004366,0.004383218534752661,0.9565217391304348,1.934959570934633,0.5195475211674063,0.0,0.0,0.0,0.0,0.8836317135549873
bank_marketing,47,45211,28934,7234,9043,4,5.529138560212319e-05,LGBM-Adv,0.19141769999987446,NA,,,,,,,,0,0.0,394.48828125,0.8949463673559659,0.07947243484113949,0.0077569692045966875,0.0197871008140263,0.7485822306238186,1.5960999653177685,0.8551015431817456,0.0,0.0,0.0,0.0,0.8914080320729937
bank_marketing,47,45211,28934,7234,9043,4,5.529138560212319e-05,LGBM-Mono,0.20878049999009818,NA,,,,,,,,0,0.0,394.484375,0.8947252018135574,0.07950271434675818,0.007741890535254356,0.020914214151534126,0.7419659735349716,1.5885030178276138,0.8551716770456894,0.0,0.0,0.0,0.0,0.890302066772655
bank_marketing,47,45211,28934,7234,9043,4,5.529138560212319e-05,MonoRF,2.1370216000068467,NA,,,,,,,,0,0.0,394.47265625,0.8842198385491541,0.08570158925096642,0.04104186250147707,0.0003757044458359424,0.9867674858223062,1.9754134938737922,0.8411441348558794,0.0,0.0,0.0,0.0,0.8833897836455381
bank_marketing,47,45211,28934,7234,9043,4,5.529138560212319e-05,MonoScore,0.015200399997411296,NA,,,,,,,,0,0.0,394.48828125,0.8833351763795201,0.09570931423160114,0.043761384704198,0.00012523481527864746,0.996219281663516,1.9930647374034254,0.8307122996450101,0.0,0.0,0.0,0.0,0.8830096080735467
bank_marketing,47,45211,28934,7234,9043,4,5.529138560212319e-05,MonoXGB1,0.012248899991391227,NA,,,,,,,,0,0.0,394.46875,0.8776954550481035,0.08965861052274704,0.04703507670086529,0.05723231058234189,0.6134215500945179,1.5130046531007453,0.8019621502036546,0.0,0.0,0.0,0.0,0.8746457454897353
bank_marketing,47,45211,28934,7234,9043,4,5.529138560212319e-05,ODT,0.7496953999943798,OPTIMAL,3367.0,3367.0,0.0,0.0,0.5370554000000001,150.0,16.0,0,0.0,387.76171875,0.8842198385491541,0.11578016145084596,0.11578016145084595,0.004383218534752661,0.9565217391304348,1.934959570934633,0.5195475211674063,0.0,0.0,0.0,0.0,0.8836317135549873
bank_marketing,47,45211,28934,7234,9043,4,5.529138560212319e-05,XGB-Mono,0.4169307999982266,NA,,,,,,,,0,0.0,394.484375,0.8946146190423532,0.07963667809963226,0.007865597335659271,0.020788979336255477,0.7438563327032136,1.5916575620877047,0.85486947999143,0.0,0.0,0.0,0.0,0.8897836455381213
bank_marketing,48,45211,28934,7234,9043,4,5.529138560212319e-05,CART,0.014225100007024594,NA,,,,,,,,0,0.0,370.51953125,0.8898595598805706,0.08270411332979105,0.0016832966179353306,0.02730118973074515,0.7353497164461248,1.6072053815459753,0.8150546333922418,0.0,0.0,0.0,0.0,0.8891961014723163
bank_marketing,48,45211,28934,7234,9043,4,5.529138560212319e-05,EMDT,0.7944665999966674,OPTIMAL,3344.0,3344.0,0.0,0.0,0.5733459000000001,150.0,16.0,0,0.0,373.984375,0.8818976003538649,0.11810239964613513,0.11810239964613514,0.006637445209768315,0.9593572778827977,1.9519017818144369,0.5170026384537171,0.0,0.0,0.0,0.0,0.8844266261146057
bank_marketing,48,45211,28934,7234,9043,4,5.529138560212319e-05,EMDT-Cell,1.0636111999920104,OPTIMAL,3344.0,3344.0,0.0,0.0,0.6889578000000001,150.0,16.0,150,0.0,391.3671875,0.8818976003538649,0.11810239964613513,0.11810239964613514,0.006637445209768315,0.9593572778827977,1.9519017818144369,0.5170026384537171,0.0,0.0,0.0,0.0,0.8844266261146057
bank_marketing,48,45211,28934,7234,9043,4,5.529138560212319e-05,EMDT-Iso,0.7976989999879152,OPTIMAL,3344.0,3344.0,0.0,0.0,0.5733459000000001,150.0,16.0,0,0.003232399991247803,373.984375,0.8818976003538649,0.10220712804495403,0.001078775803996131,0.006637445209768315,0.9593572778827977,1.9519017818144369,0.5170026384537171,0.0,0.0,0.0,0.0,0.8844266261146057
bank_marketing,48,45211,28934,7234,9043,4,5.529138560212319e-05,LGBM-Adv,0.19099990000540856,NA,,,,,,,,0,0.0,391.3828125,0.8905230565077961,0.08071805577298423,0.0064933930362291534,0.026299311208515967,0.7372400756143668,1.6059767072713134,0.8550533668397622,0.0,0.0,0.0,0.0,0.8907859265915532
bank_marketing,48,45211,28934,7234,9043,4,5.529138560212319e-05,LGBM-Mono,0.20127089999732561,NA,,,,,,,,0,0.0,391.3828125,0.8900807254229791,0.08079420943756234,0.005111922937340029,0.02730118973074515,0.7334593572778828,1.6034246632094913,0.8549236931723352,0.0,0.0,0.0,0.0,0.8911661021635446
bank_marketing,48,45211,28934,7234,9043,4,5.529138560212319e-05,MonoRF,2.101473000002443,NA,,,,,,,,0,0.0,391.37109375,0.8843304213203583,0.08600046025196094,0.03828674184783456,0.0020037570444583594,0.9735349716446124,1.9570887285115166,0.8358423698498958,0.0,0.0,0.0,0.0,0.8839427662957074
bank_marketing,48,45211,28934,7234,9043,4,5.529138560212319e-05,MonoScore,0.01770139999280218,NA,,,,,,,,0,0.0,391.3828125,0.8824505142098861,0.093719646915116,0.061402532820529744,0.0017532874139010645,0.9914933837429112,1.9917532045553277,0.818808600246445,0.0,0.0,0.0,0.0,0.8835280293080805
bank_marketing,48,45211,28934,7234,9043,4,5.529138560212319e-05,MonoXGB1,0.012280999988433905,NA,,,,,,,,0,0.0,391.37109375,0.8895278115669578,0.09086278080940247,0.048357152399514,0.03018159048215404,0.7164461247637051,1.5838002019381803,0.8080004687427869,0.0,0.0,0.0,0.0,0.8885394345752402
bank_marketing,48,45211,28934,7234,9043,4,5.529138560212319e-05,ODT,0.9554161000123713,OPTIMAL,3344.0,3344.0,0.0,0.0,0.7411699,150.0,16.0,0,0.0,356.90625,0.8818976003538649,0.11810239964613513,0.11810239964613514,0.006637445209768315,0.9593572778827977,1.9519017818144369,0.5170026384537171,0.0,0.0,0.0,0.0,0.8844266261146057
bank_marketing,48,45211,28934,7234,9043,4,5.529138560212319e-05,XGB-Mono,0.419046699986211,NA,,,,,,,,0,0.0,391.3828125,0.8898595598805706,0.08089259266853333,0.004677204262643583,0.026299311208515967,0.7429111531190926,1.617318862280765,0.8544161252253457,0.0,0.0,0.0,0.0,0.8907168037602821
bank_marketing,49,45211,28934,7234,9043,4,5.529138560212319e-05,CART,0.012780499993823469,NA,,,,,,,,0,0.0,369.18359375,0.8898595598805706,0.08198322936608397,0.0032233850716698793,0.01828428303068253,0.8034026465028355,1.6982267081590838,0.8186403973423705,0.004,8.158175988599936e-05,0.0,0.0,0.8886776802377825
bank_marketing,49,45211,28934,7234,9043,4,5.529138560212319e-05,EMDT,0.6215814000024693,OPTIMAL,3374.0,3374.0,0.0,0.0,0.40089420000000003,150.0,16.0,0,0.0,371.6640625,0.8844410040915626,0.11555899590843746,0.11555899590843746,0.003882279273638071,0.9584120982986768,1.936235592965544,0.5188528112138426,0.0,0.0,0.0,0.0,0.8833897836455381
bank_marketing,49,45211,28934,7234,9043,4,5.529138560212319e-05,EMDT-Cell,1.0320087000000058,OPTIMAL,3374.0,3374.0,0.0,0.0,0.6423803,150.0,16.0,150,0.0,388.8359375,0.8844410040915626,0.11555899590843746,0.11555899590843746,0.003882279273638071,0.9584120982986768,1.936235592965544,0.5188528112138426,0.0,0.0,0.0,0.0,0.8833897836455381
bank_marketing,49,45211,28934,7234,9043,4,5.529138560212319e-05,EMDT-Iso,0.6257857000018703,OPTIMAL,3374.0,3374.0,0.0,0.0,0.40089420000000003,150.0,16.0,0,0.004204299999400973,371.6640625,0.8844410040915626,0.10146876905867103,0.0011737930614681917,0.003882279273638071,0.9584120982986768,1.936235592965544,0.5188528112138426,0.0,0.0,0.0,0.0,0.8833897836455381
bank_marketing,49,45211,28934,7234,9043,4,5.529138560212319e-05,LGBM-Adv,0.17568349999783095,NA,,,,,,,,0,0.0,388.85546875,0.8917394669910428,0.07897079709676066,0.005608675892206682,0.0197871008140263,0.775992438563327,1.6509203811967854,0.8601400546629845,0.0,0.0,0.0,0.0,0.8908550494228243
bank_marketing,49,45211,28934,7234,9043,4,5.529138560212319e-05,LGBM-Mono,0.20627580001018941,NA,,,,,,,,0,0.0,388.85546875,0.8917394669910428,0.07904284334790534,0.00781671273427073,0.019912335629304948,0.775047258979206,1.6496561961049367,0.8594591939281236,0.0,0.0,0.0,0.0,0.8905094352664685
bank_marketing,49,45211,28934,7234,9043,4,5.529138560212319e-05,MonoRF,1.9930062999919755,NA,,,,,,,,0,0.0,388.84375,0.8843304213203583,0.08566829296588084,0.04045895483999931,0.0006261740763932373,0.9839319470699432,1.9709947645218526,0.8422023572080448,0.0,0.0,0.0,0.0,0.883562590723716
bank_marketing,49,45211,28934,7234,9043,4,5.529138560212319e-05,MonoScore,0.015453500003786758,NA,,,,,,,,0,0.0,388.85546875,0.8828928452947031,0.09567642516034404,0.044456684669437856,0.0003757044458359424,0.998109640831758,1.9980978038926958,0.8323102864184145,0.0,0.0,0.0,0.0,0.8831478537360891
bank_marketing,49,45211,28934,7234,9043,4,5.529138560212319e-05,MonoXGB1,0.013116400004946627,NA,,,,,,,,0,0.0,388.84375,0.8876479044564857,0.08900796622037888,0.04679721436490795,0.03869755792110206,0.668241965973535,1.5299717215525803,0.8162464947864203,0.0,0.0,0.0,0.0,0.8848068016865971
bank_marketing,49,45211,28934,7234,9043,4,5.529138560212319e-05,ODT,0.7757892000081483,OPTIMAL,3374.0,3374.0,0.0,0.0,0.5633116,150.0,16.0,0,0.0,355.4296875,0.8844410040915626,0.11555899590843746,0.11555899590843746,0.003882279273638071,0.9584120982986768,1.936235592965544,0.5188528112138426,0.0,0.0,0.0,0.0,0.8833897836455381
bank_marketing,49,45211,28934,7234,9043,4,5.529138560212319e-05,XGB-Mono,0.4094129000004614,NA,,,,,,,,0,0.0,388.85546875,0.8914077186774301,0.0790405347943306,0.007638354396100494,0.02028804007514089,0.775047258979206,1.6515347183341165,0.860026242493901,0.0,0.0,0.0,0.0,0.8901983825257482
bank_marketing,50,45211,28934,7234,9043,4,8.293707840318478e-05,CART,0.012002000003121793,NA,,,,,,,,0,0.0,385.75390625,0.8909653875926131,0.08216307942298344,0.005002850832127907,0.019411396368190358,0.7854442344045368,1.6679454506500253,0.8242945480242374,0.004,4.014263497573967e-05,0.0,0.0,0.8885739959908758
bank_marketing,50,45211,28934,7234,9043,4,8.293707840318478e-05,EMDT,0.6684632999968017,OPTIMAL,3368.0,3368.0,0.0,0.0,0.47279570000000004,150.0,16.0,0,0.0,389.98828125,0.8836669246931328,0.11633307530686719,0.11633307530686719,0.0041327489041953665,0.9631379962192816,1.94693973695954,0.5163646274382615,0.0,0.0,0.0,0.0,0.8835971521393516
bank_marketing,50,45211,28934,7234,9043,4,8.293707840318478e-05,EMDT-Cell,0.8931907000078354,OPTIMAL,3368.0,3368.0,0.0,0.0,0.5393773000000001,150.0,16.0,150,0.0,394.9296875,0.8836669246931328,0.11633307530686719,0.11633307530686719,0.0041327489041953665,0.9631379962192816,1.94693973695954,0.5163646274382615,0.0,0.0,0.0,0.0,0.8835971521393516
bank_marketing,50,45211,28934,7234,9043,4,8.293707840318478e-05,EMDT-Iso,0.6715650999831269,OPTIMAL,3368.0,3368.0,0.0,0.0,0.47279570000000004,150.0,16.0,0,0.0031017999863252044,389.98828125,0.8836669246931328,0.101876408754815,0.001215681705087824,0.0041327489041953665,0.9631379962192816,1.94693973695954,0.5163646274382615,0.0,0.0,0.0,0.0,0.8835971521393516
bank_marketing,50,45211,28934,7234,9043,4,8.293707840318478e-05,LGBM-Adv,0.16791219999140594,NA,,,,,,,,0,0.0,394.953125,0.8899701426517749,0.07977363744354901,0.010424378947134477,0.01966186599874765,0.7920604914933838,1.6824303129805058,0.85876827179506,0.0,0.0,0.0,0.0,0.8904403124351974
bank_marketing,50,45211,28934,7234,9043,4,8.293707840318478e-05,LGBM-Mono,0.19181430000753608,NA,,,,,,,,0,0.0,394.953125,0.8905230565077961,0.07973703840265717,0.010149250240238791,0.021039448966812774,0.776937618147448,1.6590724811289599,0.8594138584515153,0.0,0.0,0.0,0.0,0.89088961083846
bank_marketing,50,45211,28934,7234,9043,4,8.293707840318478e-05,MonoRF,1.8974813999957405,NA,,,,,,,,0,0.0,394.9453125,0.8839986730067455,0.08587754765564405,0.038082144572779135,0.0015028177833437697,0.9801512287334594,1.9678165463836377,0.8482518616545911,0.0,0.0,0.0,0.0,0.8841846962051566
bank_marketing,50,45211,28934,7234,9043,4,8.293707840318478e-05,MonoScore,0.014231299996026792,NA,,,,,,,,0,0.0,394.95703125,0.8831140108371116,0.09588187802373559,0.04445647144771942,0.0002504696305572949,0.997164461247637,1.9955812706480605,0.8217644022996805,0.0,0.0,0.0,0.0,0.8829750466579112
bank_marketing,50,45211,28934,7234,9043,4,8.293707840318478e-05,MonoXGB1,0.011606600004597567,NA,,,,,,,,0,0.0,394.9453125,0.8852150834899922,0.08903512358665466,0.04350004600754198,0.04395742016280526,0.6493383742911153,1.518463849396257,0.8258274316327993,0.0,0.0,0.0,0.0,0.8822492569295638
bank_marketing,50,45211,28934,7234,9043,4,8.293707840318478e-05,ODT,0.818557000005967,OPTIMAL,3368.0,3368.0,0.0,0.0,0.6061455,150.0,16.0,0,0.0,388.75390625,0.8836669246931328,0.11633307530686719,0.11633307530686719,0.0041327489041953665,0.9631379962192816,1.94693973695954,0.5163646274382615,0.0,0.0,0.0,0.0,0.8835971521393516
bank_marketing,50,45211,28934,7234,9043,4,8.293707840318478e-05,XGB-Mono,0.39847139999619685,NA,,,,,,,,0,0.0,394.953125,0.8903018909653876,0.07967622578144073,0.009956315710956084,0.0197871008140263,0.7882797731568998,1.675495050383931,0.8594268790844838,0.0,0.0,0.0,0.0,0.8906822423446464
bank_marketing,51,45211,28934,7234,9043,4,5.529138560212319e-05,CART,0.011640700002317317,NA,,,,,,,,0,0.0,369.16015625,0.885989162888422,0.08442201219239463,0.00578033597009937,0.03143393863494051,0.7372400756143668,1.6316498444034362,0.8027787214448641,0.0075,1.1533660910369448e-05,0.0,0.0,0.8898527683693924
bank_marketing,51,45211,28934,7234,9043,4,5.529138560212319e-05,EMDT,0.5972858000022825,OPTIMAL,3366.0,3366.0,0.0,0.0,0.4057657,150.0,16.0,0,0.0,373.734375,0.8839986730067455,0.11600132699325445,0.11600132699325444,0.0048841577958672515,0.9546313799621928,1.9336835489037218,0.52024223112097,0.0,0.0,0.0,0.0,0.8836662749706228
bank_marketing,51,45211,28934,7234,9043,4,5.529138560212319e-05,EMDT-Cell,0.9003631999948993,OPTIMAL,3366.0,3366.0,0.0,0.0,0.5647802000000001,150.0,16.0,150,0.0,362.4921875,0.8839986730067455,0.11600132699325445,0.11600132699325444,0.0048841577958672515,0.9546313799621928,1.9336835489037218,0.52024223112097,0.0,0.0,0.0,0.0,0.8836662749706228
bank_marketing,51,45211,28934,7234,9043,4,5.529138560212319e-05,EMDT-Iso,0.6006940000079339,OPTIMAL,3366.0,3366.0,0.0,0.0,0.4057657,150.0,16.0,0,0.0034082000056514516,373.734375,0.8839986730067455,0.10147706307276562,0.0005707253565576469,0.0048841577958672515,0.9546313799621928,1.9336835489037218,0.52024223112097,0.0,0.0,0.0,0.0,0.8836662749706228
bank_marketing,51,45211,28934,7234,9043,4,5.529138560212319e-05,LGBM-Adv,0.1579012000001967,NA,,,,,,,,0,0.0,374.1796875,0.8899701426517749,0.08100980231287197,0.008873423352623741,0.020162805259862242,0.7882797731568998,1.6773735726131107,0.852257718572039,0.0,0.0,0.0,0.0,0.891719084813714
bank_marketing,51,45211,28934,7234,9043,4,5.529138560212319e-05,LGBM-Mono,0.18998809999902733,NA,,,,,,,,0,0.0,374.10546875,0.8909653875926131,0.08111164999594085,0.007029968940803493,0.02166562304320601,0.7684310018903592,1.6451901189967484,0.8524617874014723,0.0,0.0,0.0,0.0,0.8915117163199004
bank_marketing,51,45211,28934,7234,9043,4,5.529138560212319e-05,MonoRF,1.925379200009047,NA,,,,,,,,0,0.0,369.49609375,0.883777507464337,0.08641816612613251,0.03564063882578075,0.0012523481527864746,0.9839319470699432,1.9741256349038188,0.8364330331091022,0.0,0.0,0.0,0.0,0.8842192576207921
bank_marketing,51,45211,28934,7234,9043,4,5.529138560212319e-05,MonoScore,0.011607599997660145,NA,,,,,,,,0,0.0,374.1875,0.8833351763795201,0.09362110788445724,0.06176836249808726,0.0006261740763932373,0.9924385633270322,1.9880079970360305,0.8199898083954674,0.0,0.0,0.0,0.0,0.8832169765673602
bank_marketing,51,45211,28934,7234,9043,4,5.529138560212319e-05,MonoXGB1,0.0121002999949269,NA,,,,,,,,0,0.0,367.6328125,0.8860997456596262,0.09269360452890396,0.050336256076194644,0.03155917345021916,0.7353497164461248,1.6284953001433453,0.8043673570364093,0.0,0.0,0.0,0.0,0.8895417156286721
bank_marketing,51,45211,28934,7234,9043,4,5.529138560212319e-05,ODT,0.7939477000036277,OPTIMAL,3366.0,3366.0,0.0,0.0,0.5864419000000001,150.0,16.0,0,0.0,355.9609375,0.8839986730067455,0.11600132699325445,0.11600132699325444,0.0048841577958672515,0.9546313799621928,1.9336835489037218,0.52024223112097,0.0,0.0,0.0,0.0,0.8836662749706228
bank_marketing,51,45211,28934,7234,9043,4,5.529138560212319e-05,XGB-Mono,0.38724729999375995,NA,,,,,,,,0,0.0,372.078125,0.8899701426517749,0.08125529438257217,0.005412270610420256,0.021289918597370068,0.779773156899811,1.6659959067864722,0.8524407176499414,0.0,0.0,0.0,0.0,0.8916154005668072
compas_real,42,6172,3949,988,1235,5,0.00048582995951417006,CART,0.0013399999879766256,NA,,,,,,,,0,0.0,190.6484375,0.6615384615384615,0.2171822014831513,0.026827306507863215,0.5587188612099644,0.15453194650817237,3.102658199066167,0.6974348669842898,0.0,0.0,0.0,0.0,0.6794125094960749
compas_real,42,6172,3949,988,1235,5,0.00048582995951417006,EMDT,0.07652020000386983,OPTIMAL,1292.0,1292.0,0.0,0.0,0.053393100000000006,20.0,20.0,0,0.0,198.24609375,0.6534412955465587,0.3465587044534413,0.3465587044534413,0.47153024911032027,0.24219910846953938,2.8420494624906802,0.6431353212100701,0.0,0.0,0.0,0.0,0.6728285641934667
compas_real,42,6172,3949,988,1235,5,0.00048582995951417006,EMDT-Cell,0.07072180000250228,OPTIMAL,1274.0,1274.0,0.0,0.0,0.0337242,20.0,20.0,20,0.0,199.91796875,0.6639676113360324,0.3360323886639676,0.33603238866396756,0.39501779359430605,0.2867756315007429,2.548640230973016,0.6591032874524756,0.0,0.0,0.0,0.0,0.6773866801721955
compas_real,42,6172,3949,988,1235,5,0.00048582995951417006,EMDT-Iso,0.07751719999941997,OPTIMAL,1292.0,1292.0,0.0,0.0,0.053393100000000006,20.0,20.0,0,0.0009969999955501407,198.24609375,0.6534412955465587,0.22663653024311123,0.01472272533560639,0.47153024911032027,0.24219910846953938,2.8420494624906802,0.6431353212100701,0.0,0.0,0.0,0.0,0.6728285641934667
compas_real,42,6172,3949,988,1235,5,0.00048582995951417006,LGBM-Adv,0.027856200002133846,NA,,,,,,,,0,0.0,317.04296875,0.6761133603238867,0.21044725181491866,0.02857897038768662,0.4306049822064057,0.23476968796433878,2.622564286960706,0.7222216346840249,0.0,0.0,0.0,0.0,0.6951126867561408
compas_real,42,6172,3949,988,1235,5,0.00048582995951417006,LGBM-Mono,0.02793989999918267,NA,,,,,,,,0,0.0,317.015625,0.6736842105263158,0.2106504576262009,0.031241282100908797,0.4430604982206406,0.2288261515601783,2.6729547942235596,0.7226089692406127,0.0,0.0,0.0,0.0,0.6956191440871107
compas_real,42,6172,3949,988,1235,5,0.00048582995951417006,MonoRF,0.2025419999990845,NA,,,,,,,,0,0.0,313.7890625,0.6380566801619433,0.22135124859793162,0.052260122106110016,0.6245551601423488,0.1426448736998514,3.4080655481114466,0.7112916615991497,0.0,0.0,0.0,0.0,0.6654849328944037
compas_real,42,6172,3949,988,1235,5,0.00048582995951417006,MonoScore,0.004235300002619624,NA,,,,,,,,0,0.0,317.28515625,0.6672064777327935,0.21582774937150187,0.05155299195448513,0.50355871886121,0.1901931649331352,2.8981799241723203,0.7144273529582841,0.0,0.0,0.0,0.0,0.6854899974677133
compas_real,42,6172,3949,988,1235,5,0.00048582995951417006,MonoXGB1,0.23678220000874717,NA,,,,,,,,0,0.0,313.33984375,0.6437246963562753,0.21884946525096893,0.011905402415677153,0.6192170818505338,0.13670133729569092,3.369488083844051,0.6933367880579335,0.0,0.0,0.0,0.0,0.6649784755634338
compas_real,42,6172,3949,988,1235,5,0.00048582995951417006,ODT,0.06325349998951424,OPTIMAL,1274.0,1274.0,0.0,0.0,0.034147500000000004,20.0,20.0,0,0.0,196.98046875,0.6639676113360324,0.3360323886639676,0.33603238866396756,0.39501779359430605,0.2867756315007429,2.548640230973016,0.6591032874524756,0.0,0.0,0.0,0.0,0.6773866801721955
compas_real,42,6172,3949,988,1235,5,0.00048582995951417006,XGB-Mono,0.0598632000037469,NA,,,,,,,,0,0.0,315.82421875,0.674493927125506,0.2104320228099823,0.025551837722691696,0.4395017793594306,0.2303120356612184,2.65813296811959,0.7220603554488586,0.0,0.0,0.0,0.0,0.6958723727525956
compas_real,43,6172,3949,988,1235,5,0.00032388663967611336,CART,0.0012356999941403046,NA,,,,,,,,0,0.0,191.0234375,0.6874493927125506,0.20998981172810116,0.022427107145989895,0.3932384341637011,0.2451708766716196,2.4565339241617448,0.7168782685484341,0.0,0.0,0.0,0.0,0.6842238541402886
compas_real,43,6172,3949,988,1235,5,0.00032388663967611336,EMDT,0.06553499998699408,OPTIMAL,1291.0,1291.0,0.0,0.0,0.0437432,20.0,20.0,0,0.0,197.98828125,0.6817813765182186,0.31821862348178137,0.3182186234817813,0.4626334519572954,0.1976225854383358,2.7084124306631483,0.6698719813021844,0.0,0.0,0.0,0.0,0.6730817928589516
compas_real,43,6172,3949,988,1235,5,0.00032388663967611336,EMDT-Cell,0.06426069998997264,OPTIMAL,1279.0,1279.0,0.0,0.0,0.0273802,20.0,20.0,20,0.0,199.82421875,0.697165991902834,0.302834008097166,0.302834008097166,0.38434163701067614,0.23476968796433878,2.3912475609820585,0.6904443375124926,0.0,0.0,0.0,0.0,0.6761205368447708
compas_real,43,6172,3949,988,1235,5,0.00032388663967611336,EMDT-Iso,0.0663318999868352,OPTIMAL,1291.0,1291.0,0.0,0.0,0.0437432,20.0,20.0,0,0.0007968999998411164,197.98828125,0.6817813765182186,0.21905825407805046,0.0451726043962449,0.4626334519572954,0.1976225854383358,2.7084124306631483,0.6698719813021844,0.0,0.0,0.0,0.0,0.6730817928589516
compas_real,43,6172,3949,988,1235,5,0.00032388663967611336,LGBM-Adv,0.029149399997550063,NA,,,,,,,,0,0.0,316.88671875,0.7012145748987855,0.20186480400545903,0.027757113067844598,0.3790035587188612,0.23179791976225855,2.358613633118823,0.751689466086414,0.0,0.0,0.0,0.0,0.6946062294251709
compas_real,43,6172,3949,988,1235,5,0.00032388663967611336,LGBM-Mono,0.02929730000323616,NA,,,,,,,,0,0.0,316.86328125,0.6995951417004048,0.20080602498881425,0.030751596557079514,0.38256227758007116,0.23179791976225855,2.376407227424873,0.7533762882509399,0.0,0.0,0.0,0.0,0.694353000759686
compas_real,43,6172,3949,988,1235,5,0.00032388663967611336,MonoRF,0.21498420000716578,NA,,,,,,,,0,0.0,313.8359375,0.6672064777327935,0.21797982791694054,0.07923095740526016,0.5729537366548043,0.13224368499257058,3.1292560532591627,0.7457393198775336,0.0,0.0,0.0,0.0,0.6619397315776145
compas_real,43,6172,3949,988,1235,5,0.00032388663967611336,MonoScore,0.004041100008180365,NA,,,,,,,,0,0.0,317.12890625,0.6947368421052632,0.20771852725083498,0.0760189556407366,0.5,0.1426448736998514,2.7852897473997027,0.7550908715952895,0.0,0.0,0.0,0.0,0.6791592808305901
compas_real,43,6172,3949,988,1235,5,0.00032388663967611336,MonoXGB1,0.21593710000161082,NA,,,,,,,,0,0.0,312.99609375,0.676923076923077,0.21176470816135406,0.025474460368696984,0.5480427046263345,0.1352154531946508,3.0106444295209744,0.7137544748377953,0.0,0.0,0.0,0.0,0.664218789566979
compas_real,43,6172,3949,988,1235,5,0.00032388663967611336,ODT,0.06158520000462886,OPTIMAL,1279.0,1279.0,0.0,0.0,0.0330758,20.0,20.0,0,0.0,196.625,0.697165991902834,0.302834008097166,0.302834008097166,0.38434163701067614,0.23476968796433878,2.3912475609820585,0.6904443375124926,0.0,0.0,0.0,0.0,0.6761205368447708
compas_real,43,6172,3949,988,1235,5,0.00032388663967611336,XGB-Mono,0.059802700008731335,NA,,,,,,,,0,0.0,315.73828125,0.7012145748987855,0.20087823271751404,0.03006825404701688,0.3790035587188612,0.23179791976225855,2.358613633118823,0.7529307874128167,0.0,0.0,0.0,0.0,0.6948594580906559
compas_real,44,6172,3949,988,1235,5,0.00032388663967611336,CART,0.0013126000121701509,NA,,,,,,,,0,0.0,190.640625,0.6842105263157895,0.2137702867311663,0.03628420812048265,0.4822064056939502,0.17682020802377416,2.7646724445172994,0.7072596807199928,0.0,0.0,0.0005,5.291636949982945e-05,0.6746011648518613
compas_real,44,6172,3949,988,1235,5,0.00032388663967611336,EMDT,0.06807750000734814,OPTIMAL,1318.0,1318.0,0.0,0.0,0.046060000000000004,20.0,20.0,0,0.0,198.41796875,0.6728744939271255,0.3271255060728745,0.3271255060728745,0.4928825622775801,0.1887072808320951,2.8418273730520904,0.6592050784451624,0.0,0.0,0.0,0.0,0.6662446188908584
compas_real,44,6172,3949,988,1235,5,0.00032388663967611336,EMDT-Cell,0.07270540000172332,OPTIMAL,1298.0,1298.0,0.0,0.0,0.035650600000000005,20.0,20.0,20,0.0,200.015625,0.6850202429149798,0.31497975708502024,0.3149797570850203,0.3612099644128114,0.2763744427934621,2.3587987076509815,0.6812077963968632,0.0,0.0,0.0,0.0,0.6713091922005571
compas_real,44,6172,3949,988,1235,5,0.00032388663967611336,EMDT-Iso,0.06895660000736825,OPTIMAL,1318.0,1318.0,0.0,0.0,0.046060000000000004,20.0,20.0,0,0.0008791000000201166,198.41796875,0.6728744939271255,0.22009440480188222,0.012362551805093071,0.4928825622775801,0.1887072808320951,2.8418273730520904,0.6592050784451624,0.0,0.0,0.0,0.0,0.6662446188908584
compas_real,44,6172,3949,988,1235,5,0.00032388663967611336,LGBM-Adv,0.02803999999014195,NA,,,,,,,,0,0.0,316.63671875,0.6987854251012146,0.20265398332919765,0.03172710399331956,0.3790035587188612,0.2362555720653789,2.367528937725064,0.7455978700565271,0.0,0.0,0.0,0.0,0.6882755127880477
compas_real,44,6172,3949,988,1235,5,0.00032388663967611336,LGBM-Mono,0.029840500006685033,NA,,,,,,,,0,0.0,316.6015625,0.6995951417004048,0.20229647994187946,0.03117106016698608,0.37722419928825623,0.2362555720653789,2.358632140572039,0.7475768455896739,0.0,0.0,0.0,0.0,0.6885287414535325
compas_real,44,6172,3949,988,1235,5,0.00032388663967611336,MonoRF,0.20982640000875108,NA,,,,,,,,0,0.0,313.64453125,0.682591093117409,0.21689874986083071,0.0894653683154674,0.5231316725978647,0.14561664190193166,2.906891646793187,0.7345581742133012,0.0,0.0,0.0,0.0,0.6634591035705242
compas_real,44,6172,3949,988,1235,5,0.00032388663967611336,MonoScore,0.0047596000076737255,NA,,,,,,,,0,0.0,316.875,0.7068825910931175,0.21121683854918052,0.09497965045806982,0.4750889679715303,0.1411589895988113,2.657762819055274,0.7424502810488967,0.0,0.0,0.0,0.0,0.6690301342111927
compas_real,44,6172,3949,988,1235,5,0.00032388663967611336,MonoXGB1,0.26162429999385495,NA,,,,,,,,0,0.0,313.14453125,0.6777327935222672,0.212421715259552,0.04243667140180767,0.5142348754448398,0.16196136701337296,2.895097111250945,0.7162186100373852,0.0,0.0,0.0,0.0,0.6596606735882502
compas_real,44,6172,3949,988,1235,5,0.00032388663967611336,ODT,0.06420719999005087,OPTIMAL,1298.0,1298.0,0.0,0.0,0.0353957,20.0,20.0,0,0.0,197.19921875,0.6850202429149798,0.31497975708502024,0.3149797570850203,0.3612099644128114,0.2763744427934621,2.3587987076509815,0.6812077963968632,0.0,0.0,0.0,0.0,0.6713091922005571
compas_real,44,6172,3949,988,1235,5,0.00032388663967611336,XGB-Mono,0.060006600004271604,NA,,,,,,,,0,0.0,315.4296875,0.6987854251012146,0.2020542472600937,0.03320533999351234,0.37544483985765126,0.23922734026745915,2.3556788798231745,0.7474935620502028,0.0,0.0,0.0,0.0,0.6885287414535325
compas_real,45,6172,3949,988,1235,5,0.00048582995951417006,CART,0.0012650999997276813,NA,,,,,,,,0,0.0,190.48046875,0.6582995951417004,0.21988872014179187,0.03334059973511311,0.5427046263345195,0.1738484398216939,3.0612200113159855,0.6938536747870321,0.0,0.0,0.0,0.0,0.6862496834641681
compas_real,45,6172,3949,988,1235,5,0.00048582995951417006,EMDT,0.06899580000026617,OPTIMAL,1268.0,1268.0,0.0,0.0,0.0467068,20.0,20.0,0,0.0,198.22265625,0.6566801619433198,0.34331983805668015,0.3433198380566802,0.48398576512455516,0.22585438335809807,2.8716375923389723,0.6450799257586733,0.0,0.0,0.0,0.0,0.6789060521651051
compas_real,45,6172,3949,988,1235,5,0.00048582995951417006,EMDT-Cell,0.0714155000023311,OPTIMAL,1251.0,1251.0,0.0,0.0,0.0334776,20.0,20.0,20,0.0,199.66015625,0.671255060728745,0.3287449392712551,0.32874493927125503,0.4092526690391459,0.26151560178306094,2.5692945487618513,0.6646158645888967,0.0,0.0,0.0,0.0,0.683210939478349
compas_real,45,6172,3949,988,1235,5,0.00048582995951417006,EMDT-Iso,0.06979680000222288,OPTIMAL,1268.0,1268.0,0.0,0.0,0.0467068,20.0,20.0,0,0.0008010000019567087,198.22265625,0.6566801619433198,0.2254566994275507,0.002268522822829892,0.48398576512455516,0.22585438335809807,2.8716375923389723,0.6450799257586733,0.0,0.0,0.0,0.0,0.6789060521651051
compas_real,45,6172,3949,988,1235,5,0.00048582995951417006,LGBM-Adv,0.028417400011676364,NA,,,,,,,,0,0.0,316.46484375,0.676923076923077,0.21158734505554852,0.035234091653561436,0.42704626334519574,0.2362555720653789,2.6077424608567368,0.7228191610307065,0.0,0.0,0.0,0.0,0.7029627753861737
compas_real,45,6172,3949,988,1235,5,0.00048582995951417006,LGBM-Mono,0.028543799999170005,NA,,,,,,,,0,0.0,316.19921875,0.676923076923077,0.21156064447872105,0.03916636621945703,0.4234875444839858,0.23922734026745915,2.5958924029548474,0.7230240649770243,0.0,0.0,0.0,0.0,0.7032160040516586
compas_real,45,6172,3949,988,1235,5,0.00048582995951417006,MonoRF,0.209448000008706,NA,,,,,,,,0,0.0,313.21875,0.6275303643724697,0.2209471843109665,0.05914058734876218,0.6476868327402135,0.1426448736998514,3.5237239111007703,0.7156924695816786,0.0,0.0,0.0,0.0,0.6659913902253735
compas_real,45,6172,3949,988,1235,5,0.00048582995951417006,MonoScore,0.004841300004045479,NA,,,,,,,,0,0.0,316.71484375,0.6720647773279352,0.2167591976020066,0.05196464531458428,0.5302491103202847,0.1589895988112927,2.9692247492240087,0.7098956708423007,0.0,0.0,0.0,0.0,0.6827044821473791
compas_real,45,6172,3949,988,1235,5,0.00048582995951417006,MonoXGB1,0.23896239999157842,NA,,,,,,,,0,0.0,312.59375,0.6445344129554655,0.21727630496025085,0.009981858368344622,0.608540925266904,0.14413075780089152,3.330966141936303,0.7012817733312886,0.0,0.0,0.0,0.0,0.6702962775386174
compas_real,45,6172,3949,988,1235,5,0.00048582995951417006,ODT,0.06344790000002831,OPTIMAL,1251.0,1251.0,0.0,0.0,0.0339521,20.0,20.0,0,0.0,196.8671875,0.671255060728745,0.3287449392712551,0.32874493927125503,0.4092526690391459,0.26151560178306094,2.5692945487618513,0.6646158645888967,0.0,0.0,0.0,0.0,0.683210939478349
compas_real,45,6172,3949,988,1235,5,0.00048582995951417006,XGB-Mono,0.06201059999875724,NA,,,,,,,,0,0.0,315.04296875,0.6809716599190283,0.21109895408153534,0.03823264006238715,0.4395017793594306,0.21842496285289748,2.634358822502948,0.723235578728062,0.0,0.0,0.0,0.0,0.7019498607242339
compas_real,46,6172,3949,988,1235,5,0.0006477732793522267,CART,0.0012765999999828637,NA,,,,,,,,0,0.0,317.5390625,0.6777327935222672,0.21359762204703703,0.021739799368709845,0.42704626334519574,0.23476968796433878,2.6047706926546565,0.7070587426565069,0.0,0.0,0.002,3.212288053865442e-05,0.6875158267915928
compas_real,46,6172,3949,988,1235,5,0.0006477732793522267,EMDT,0.06827970000449568,OPTIMAL,1288.0,1288.0,0.0,0.0,0.0427055,20.0,20.0,0,0.0,318.6015625,0.671255060728745,0.3287449392712551,0.3287449392712551,0.4893238434163701,0.19465081723625557,2.8359208515543615,0.6580126696736872,0.0,0.0,0.0,0.0,0.6738414788554065
compas_real,46,6172,3949,988,1235,5,0.0006477732793522267,EMDT-Cell,0.06719139999768231,OPTIMAL,1263.0,1263.0,0.0,0.0,0.0293157,20.0,20.0,20,0.0,319.58984375,0.682591093117409,0.3174089068825911,0.31740890688259105,0.41459074733096085,0.2362555720653789,2.545464880785562,0.6745768403018301,0.0,0.0,0.0,0.0,0.6801721954925297
compas_real,46,6172,3949,988,1235,5,0.0006477732793522267,EMDT-Iso,0.0691250000090804,OPTIMAL,1288.0,1288.0,0.0,0.0,0.0427055,20.0,20.0,0,0.0008453000045847148,318.6015625,0.671255060728745,0.22233689858155564,0.039631967046827615,0.4893238434163701,0.19465081723625557,2.8359208515543615,0.6580126696736872,0.0,0.0,0.0,0.0,0.6738414788554065
compas_real,46,6172,3949,988,1235,5,0.0006477732793522267,LGBM-Adv,0.027048699994338676,NA,,,,,,,,0,0.0,319.58984375,0.6850202429149798,0.20610972026396535,0.021162925882824028,0.4110320284697509,0.23476968796433878,2.524699518277432,0.7410238851903359,0.0,0.0,0.0,0.0,0.6986578880729298
compas_real,46,6172,3949,988,1235,5,0.0006477732793522267,LGBM-Mono,0.02797110000392422,NA,,,,,,,,0,0.0,319.58984375,0.68582995951417,0.20562807393728635,0.020037076807440237,0.4092526690391459,0.23476968796433878,2.515802721124407,0.7417232025297045,0.0,0.0,0.0,0.0,0.6999240314003545
compas_real,46,6172,3949,988,1235,5,0.0006477732793522267,MonoRF,0.21445959999982733,NA,,,,,,,,0,0.0,319.59375,0.6623481781376518,0.21727458331332677,0.06503860282873118,0.5800711743772242,0.1352154531946508,3.1707867782754224,0.7352495597870057,0.0,0.0,0.0,0.0,0.6591542162572803
compas_real,46,6172,3949,988,1235,5,0.0006477732793522267,MonoScore,0.005717100008041598,NA,,,,,,,,0,0.0,319.58984375,0.68582995951417,0.21113200906172813,0.06482204977630346,0.498220640569395,0.16047548291233285,2.812054168671641,0.7374479808368541,0.0,0.0,0.0,0.0,0.6854899974677133
compas_real,46,6172,3949,988,1235,5,0.0006477732793522267,MonoXGB1,0.002547900003264658,NA,,,,,,,,0,0.0,319.58984375,0.6510121457489878,0.21391962468624115,0.020513438020157884,0.6067615658362989,0.1337295690936107,3.301266967368716,0.7125369488083844,0.0,0.0,0.0,0.0,0.6670043048873132
compas_real,46,6172,3949,988,1235,5,0.0006477732793522267,ODT,0.05658689999836497,OPTIMAL,1263.0,1263.0,0.0,0.0,0.0347125,20.0,20.0,0,0.0,318.234375,0.682591093117409,0.3174089068825911,0.31740890688259105,0.41459074733096085,0.2362555720653789,2.545464880785562,0.6745768403018301,0.0,0.0,0.0,0.0,0.6801721954925297
compas_real,46,6172,3949,988,1235,5,0.0006477732793522267,XGB-Mono,0.05894750000152271,NA,,,,,,,,0,0.0,319.5703125,0.6842105263157895,0.20516052842140198,0.02213260226464467,0.41637010676156583,0.23179791976225855,2.5454463733323465,0.7425110912523201,0.0,0.0,0.0,0.0,0.6991643454038997
compas_real,47,6172,3949,988,1235,5,0.00016194331983805668,CART,0.0012424000015016645,NA,,,,,,,,0,0.0,316.40625,0.6672064777327935,0.21428486102760805,0.020367556402910336,0.5604982206405694,0.1426448736998514,3.0877808506025497,0.7049806200525612,0.0,0.0,0.0,0.0,0.6756140795138009
compas_real,47,6172,3949,988,1235,5,0.00016194331983805668,EMDT,0.06834579999849666,OPTIMAL,1320.0,1320.0,0.0,0.0,0.044447900000000005,20.0,20.0,0,0.0,317.9140625,0.676923076923077,0.3230769230769231,0.3230769230769231,0.4626334519572954,0.2065378900445765,2.7262430398756297,0.6654143289990639,0.0,0.0,0.0,0.0,0.6657381615598886
compas_real,47,6172,3949,988,1235,5,0.00016194331983805668,EMDT-Cell,0.06734989999677055,OPTIMAL,1298.0,1298.0,0.0,0.0,0.0288266,20.0,20.0,20,0.0,318.8515625,0.6874493927125506,0.3125506072874494,0.3125506072874494,0.40213523131672596,0.237741456166419,2.486159068916468,0.6800616562584275,0.0,0.0,0.0,0.0,0.6713091922005571
compas_real,47,6172,3949,988,1235,5,0.00016194331983805668,EMDT-Iso,0.06925499999488238,OPTIMAL,1320.0,1320.0,0.0,0.0,0.044447900000000005,20.0,20.0,0,0.0009091999963857234,317.9140625,0.676923076923077,0.21872125056092462,0.0048597080948398555,0.4626334519572954,0.2065378900445765,2.7262430398756297,0.6654143289990639,0.0,0.0,0.0,0.0,0.6657381615598886
compas_real,47,6172,3949,988,1235,5,0.00016194331983805668,LGBM-Adv,0.0306233000010252,NA,,,,,,,,0,0.0,319.14453125,0.6777327935222672,0.20524744419096405,0.03850231784529087,0.4128113879003559,0.24665676077265974,2.557370461047099,0.741953223733958,0.0,0.0,0.0,0.0,0.690554570777412
compas_real,47,6172,3949,988,1235,5,0.00016194331983805668,LGBM-Mono,0.027350400006980635,NA,,,,,,,,0,0.0,319.125,0.6890688259109312,0.20488484044549876,0.029303161530604017,0.40391459074733094,0.23328380386329867,2.486140561463252,0.7420166778592694,0.0,0.0,0.0,0.0,0.6887819701190174
compas_real,47,6172,3949,988,1235,5,0.00016194331983805668,MonoRF,0.21355790000234265,NA,,,,,,,,0,0.0,318.8515625,0.6615384615384615,0.21915702610053123,0.07091029539101076,0.5871886120996441,0.13075780089153047,3.1974586622812815,0.730532803138864,0.0,0.0,0.0,0.0,0.6589009875917954
compas_real,47,6172,3949,988,1235,5,0.00016194331983805668,MonoScore,0.006666800007224083,NA,,,,,,,,0,0.0,319.14453125,0.6842105263157895,0.21248150294744503,0.07120150637367667,0.5,0.16196136701337296,2.823922734026746,0.7333776630903217,0.0,0.0,0.0,0.0,0.6761205368447708
compas_real,47,6172,3949,988,1235,5,0.00016194331983805668,MonoXGB1,0.0022189000010257587,NA,,,,,,,,0,0.0,318.8515625,0.6526315789473685,0.21587488055229187,0.023326249800712996,0.599644128113879,0.13670133729569092,3.271623315160777,0.7037022838197268,0.0,0.0,0.0,0.0,0.6621929602430995
compas_real,47,6172,3949,988,1235,5,0.00016194331983805668,ODT,0.0576712000038242,OPTIMAL,1298.0,1298.0,0.0,0.0,0.0363029,20.0,20.0,0,0.0,317.390625,0.6874493927125506,0.3125506072874494,0.3125506072874494,0.40213523131672596,0.237741456166419,2.486159068916468,0.6800616562584275,0.0,0.0,0.0,0.0,0.6713091922005571
compas_real,47,6172,3949,988,1235,5,0.00016194331983805668,XGB-Mono,0.05972089999704622,NA,,,,,,,,0,0.0,319.06640625,0.6785425101214575,0.204633891582489,0.033419836658667684,0.40747330960854095,0.24962852897473997,2.5366236059921845,0.7425864430261273,0.0,0.0,0.0,0.0,0.6915674854393518
compas_real,48,6172,3949,988,1235,5,0.00016194331983805668,CART,0.0011888000008184463,NA,,,,,,,,0,0.0,316.640625,0.682591093117409,0.21101050863437176,0.017667253519969534,0.45907473309608543,0.19910846953937592,2.693590604559179,0.7172272662376463,0.0,0.0,0.0,0.0,0.6796657381615598
compas_real,48,6172,3949,988,1235,5,0.00016194331983805668,EMDT,0.06995410000672564,OPTIMAL,1313.0,1313.0,0.0,0.0,0.048157700000000005,20.0,20.0,0,0.0,318.02734375,0.668825910931174,0.3311740890688259,0.3311740890688259,0.39679715302491103,0.2763744427934621,2.5367346507114794,0.6634142020908134,0.0,0.0,0.0,0.0,0.6675107622182831
compas_real,48,6172,3949,988,1235,5,0.00016194331983805668,EMDT-Cell,0.0724056000035489,OPTIMAL,1284.0,1284.0,0.0,0.0,0.034674500000000004,20.0,20.0,20,0.0,319.2109375,0.6753036437246963,0.32469635627530363,0.32469635627530363,0.3701067615658363,0.2867756315007429,2.4240850708306674,0.6715588034667105,0.0,0.0,0.0,0.0,0.6748543935173462
compas_real,48,6172,3949,988,1235,5,0.00016194331983805668,EMDT-Iso,0.07089020000421442,OPTIMAL,1313.0,1313.0,0.0,0.0,0.048157700000000005,20.0,20.0,0,0.0009360999974887818,318.02734375,0.668825910931174,0.22118205414575381,0.008846283910350253,0.39679715302491103,0.2763744427934621,2.5367346507114794,0.6634142020908134,0.0,0.0,0.0,0.0,0.6675107622182831
compas_real,48,6172,3949,988,1235,5,0.00016194331983805668,LGBM-Adv,0.026758200008771382,NA,,,,,,,,0,0.0,319.25390625,0.6955465587044535,0.2020594059851982,0.023744509578446708,0.400355871886121,0.22436849925705796,2.450516357944721,0.748679361016958,0.0,0.0,0.0,0.0,0.6920739427703216
compas_real,48,6172,3949,988,1235,5,0.00016194331983805668,LGBM-Mono,0.028479100001277402,NA,,,,,,,,0,0.0,319.24609375,0.691497975708502,0.20192036571748806,0.02413051603277182,0.3914590747330961,0.23922734026745915,2.435750054200399,0.7495531772009327,0.0,0.0,0.0,0.0,0.6915674854393518
compas_real,48,6172,3949,988,1235,5,0.00016194331983805668,MonoRF,0.20942860000650398,NA,,,,,,,,0,0.0,319.2109375,0.674493927125506,0.21611824326691143,0.07905616172274349,0.5373665480427047,0.1485884101040119,2.984009560421547,0.7387289609915765,0.0,0.0,0.0,0.0,0.6644720182324639
compas_real,48,6172,3949,988,1235,5,0.00016194331983805668,MonoScore,0.004572099991491996,NA,,,,,,,,0,0.0,319.25390625,0.6874493927125506,0.21256911975158885,0.07024425241572489,0.48576512455516013,0.16790490341753342,2.7646354296108675,0.7352878966543812,0.0,0.0,0.0,0.0,0.6796657381615598
compas_real,48,6172,3949,988,1235,5,0.00016194331983805668,MonoXGB1,0.0022561000077985227,NA,,,,,,,,0,0.0,319.2109375,0.6672064777327935,0.21206791698932648,0.020979168106187194,0.49644128113879005,0.1961367013372957,2.8744798083685414,0.7183297816649306,0.0,0.0,0.0,0.0,0.6720688781970119
compas_real,48,6172,3949,988,1235,5,0.00016194331983805668,ODT,0.05685809999704361,OPTIMAL,1284.0,1284.0,0.0,0.0,0.0349673,20.0,20.0,0,0.0,317.44921875,0.6753036437246963,0.32469635627530363,0.32469635627530363,0.3701067615658363,0.2867756315007429,2.4240850708306674,0.6715588034667105,0.0,0.0,0.0,0.0,0.6748543935173462
compas_real,48,6172,3949,988,1235,5,0.00016194331983805668,XGB-Mono,0.05786080000689253,NA,,,,,,,,0,0.0,319.23828125,0.6906882591093118,0.20216287672519684,0.027153548039495955,0.38434163701067614,0.24665676077265974,2.4150217065987003,0.748215352725619,0.0,0.0,0.0,0.0,0.6913142567738668
compas_real,49,6172,3949,988,1235,5,0.00032388663967611336,CART,0.0011589000059757382,NA,,,,,,,,0,0.0,316.828125,0.6704453441295547,0.2114986337470729,0.03968646415821545,0.5444839857651246,0.150074294205052,3.022568517235727,0.7196570304526924,0.0,0.0,0.0005,1.04194289755149e-05,0.6768802228412256
compas_real,49,6172,3949,988,1235,5,0.00032388663967611336,EMDT,0.07164399999601301,OPTIMAL,1292.0,1292.0,0.0,0.0,0.0496879,20.0,20.0,0,0.0,318.38671875,0.6704453441295547,0.32955465587044536,0.32955465587044536,0.5284697508896797,0.16344725111441308,2.969243256677225,0.6540414989979536,0.0,0.0,0.0,0.0,0.6728285641934667
compas_real,49,6172,3949,988,1235,5,0.00032388663967611336,EMDT-Cell,0.06676649999280926,OPTIMAL,1265.0,1265.0,0.0,0.0,0.028686800000000002,20.0,20.0,20,0.0,319.6640625,0.674493927125506,0.3255060728744939,0.32550607287449385,0.4608540925266904,0.212481426448737,2.729233315530926,0.6633322405122862,0.0,0.0,0.0,0.0,0.6796657381615598
compas_real,49,6172,3949,988,1235,5,0.00032388663967611336,EMDT-Iso,0.07248620000609662,OPTIMAL,1292.0,1292.0,0.0,0.0,0.0496879,20.0,20.0,0,0.0008422000100836158,318.38671875,0.6704453441295547,0.22073672818388343,0.015007760394169348,0.5284697508896797,0.16344725111441308,2.969243256677225,0.6540414989979536,0.0,0.0,0.0,0.0,0.6728285641934667
compas_real,49,6172,3949,988,1235,5,0.00032388663967611336,LGBM-Adv,0.03145110000332352,NA,,,,,,,,0,0.0,319.94921875,0.6923076923076923,0.20318966223729754,0.03204216370774103,0.42704626334519574,0.20802377414561665,2.551278865017212,0.7424040124158572,0.0,0.0,0.0,0.0,0.6933400860977462
compas_real,49,6172,3949,988,1235,5,0.00032388663967611336,LGBM-Mono,0.027170000001206063,NA,,,,,,,,0,0.0,319.9453125,0.6906882591093118,0.20304524951587355,0.03487652501614912,0.4306049822064057,0.20802377414561665,2.5690724593232614,0.7451325398042441,0.0,0.0,0.0,0.0,0.6951126867561408
compas_real,49,6172,3949,988,1235,5,0.00032388663967611336,MonoRF,0.2099826000048779,NA,,,,,,,,0,0.0,319.6640625,0.668825910931174,0.21604562753689818,0.07685214158264926,0.5747330960854092,0.1277860326894502,3.1292375458059465,0.7344801785176058,0.0,0.0,0.0,0.0,0.664218789566979
compas_real,49,6172,3949,988,1235,5,0.00032388663967611336,MonoScore,0.0076105000043753535,NA,,,,,,,,0,0.0,319.953125,0.6809716599190283,0.21154575770700365,0.06282284045514931,0.5266903914590747,0.14561664190193166,2.9246852410992368,0.7392154426189632,0.0,0.0,0.0,0.0,0.6761205368447708
compas_real,49,6172,3949,988,1235,5,0.00032388663967611336,MonoXGB1,0.0022158000065246597,NA,,,,,,,,0,0.0,319.6640625,0.6558704453441295,0.2122400403022766,0.03357912749655336,0.594306049822064,0.1352154531946508,3.241961155499622,0.7166482473441804,0.0,0.0,0.0,0.0,0.6652317042289188
compas_real,49,6172,3949,988,1235,5,0.00032388663967611336,ODT,0.054331099992850795,OPTIMAL,1265.0,1265.0,0.0,0.0,0.0330751,20.0,20.0,0,0.0,317.62109375,0.674493927125506,0.3255060728744939,0.32550607287449385,0.4608540925266904,0.212481426448737,2.729233315530926,0.6633322405122862,0.0,0.0,0.0,0.0,0.6796657381615598
compas_real,49,6172,3949,988,1235,5,0.00032388663967611336,XGB-Mono,0.05801700000301935,NA,,,,,,,,0,0.0,319.9375,0.6931174089068826,0.2028430998325348,0.028551472058361355,0.42170818505338076,0.21099554234769688,2.530532009962297,0.746261494450408,0.0,0.0,0.0,0.0,0.6953659154216257
compas_real,50,6172,3949,988,1235,5,0.0008097165991902834,CART,0.0012349000026006252,NA,,,,,,,,0,0.0,317.2578125,0.6672064777327935,0.21325679070710388,0.031950679016759,0.4395017793594306,0.2436849925705795,2.684878881938312,0.7126797205903348,0.0,0.0,0.0,0.0,0.6713091922005571
compas_real,50,6172,3949,988,1235,5,0.0008097165991902834,EMDT,0.08255580000695772,OPTIMAL,1312.0,1312.0,0.0,0.0,0.057128500000000006,20.0,20.0,0,0.0,318.5859375,0.6696356275303643,0.3303643724696356,0.3303643724696356,0.40569395017793597,0.2674591381872214,2.5633880272641223,0.6634234558174212,0.0,0.0,0.0,0.0,0.667763990883768
compas_real,50,6172,3949,988,1235,5,0.0008097165991902834,EMDT-Cell,0.07969280000543222,OPTIMAL,1288.0,1288.0,0.0,0.0,0.0374878,20.0,20.0,20,0.0,319.6015625,0.671255060728745,0.3287449392712551,0.3287449392712551,0.3505338078291815,0.31054977711738485,2.373768593380677,0.6694582075267168,0.0,0.0,0.0,0.0,0.6738414788554065
compas_real,50,6172,3949,988,1235,5,0.0008097165991902834,EMDT-Iso,0.08327210000425112,OPTIMAL,1312.0,1312.0,0.0,0.0,0.057128500000000006,20.0,20.0,0,0.0007162999972933903,318.5859375,0.6696356275303643,0.22119180197442165,0.014334458312107466,0.40569395017793597,0.2674591381872214,2.5633880272641223,0.6634234558174212,0.0,0.0,0.0,0.0,0.667763990883768
compas_real,50,6172,3949,988,1235,5,0.0008097165991902834,LGBM-Adv,0.03263880001031794,NA,,,,,,,,0,0.0,319.7890625,0.6947368421052632,0.2048015936681706,0.0328827613504377,0.3879003558718861,0.2362555720653789,2.412012923490188,0.7380944197384632,0.0,0.0,0.0,0.0,0.6887819701190174
compas_real,50,6172,3949,988,1235,5,0.0008097165991902834,LGBM-Mono,0.03208190000441391,NA,,,,,,,,0,0.0,319.78515625,0.6947368421052632,0.20490424642024993,0.03823396872432034,0.3896797153024911,0.23476968796433878,2.4179379524411333,0.7389814555318778,0.0,0.0,0.0,0.0,0.6880222841225627
compas_real,50,6172,3949,988,1235,5,0.0008097165991902834,MonoRF,0.27578560000984,NA,,,,,,,,0,0.0,319.60546875,0.6680161943319838,0.21822952167129525,0.07004072043960098,0.5604982206405694,0.1411589895988113,3.0848090824004695,0.726043423773088,0.0,0.0,0.0,0.0,0.6553557862750063
compas_real,50,6172,3949,988,1235,5,0.0008097165991902834,MonoScore,0.004578799998853356,NA,,,,,,,,0,0.0,319.7890625,0.6898785425101215,0.21333709822322067,0.0694707526999709,0.4875444839857651,0.16196136701337296,2.7616451539555715,0.728200864033673,0.0,0.0,0.0,0.0,0.6746011648518613
compas_real,50,6172,3949,988,1235,5,0.0008097165991902834,MonoXGB1,0.0023596999963046983,NA,,,,,,,,0,0.0,319.6015625,0.6639676113360324,0.21231481432914734,0.0162047040848597,0.5871886120996441,0.1263001485884101,3.188543357675041,0.7152099538371238,0.0,0.0,0.0,0.0,0.6576348442643707
compas_real,50,6172,3949,988,1235,5,0.0008097165991902834,ODT,0.06458740000380203,OPTIMAL,1288.0,1288.0,0.0,0.0,0.038840400000000004,20.0,20.0,0,0.0,318.203125,0.671255060728745,0.3287449392712551,0.3287449392712551,0.3505338078291815,0.31054977711738485,2.373768593380677,0.6694582075267168,0.0,0.0,0.0,0.0,0.6738414788554065
compas_real,50,6172,3949,988,1235,5,0.0008097165991902834,XGB-Mono,0.062362800003029406,NA,,,,,,,,0,0.0,319.7734375,0.6995951417004048,0.20508147776126862,0.04249212679939593,0.3861209964412811,0.2288261515601783,2.388257285326762,0.7381750593560463,0.0,0.0,0.0,0.0,0.6890351987845024
compas_real,51,6172,3949,988,1235,5,0.00032388663967611336,CART,0.0015319999947678298,NA,,,,,,,,0,0.0,318.6953125,0.6663967611336032,0.21587020576692253,0.023651032343533145,0.4786476868327402,0.212481426448737,2.818201287061175,0.7047387011998119,0.0,0.0,0.0,0.0,0.6789060521651051
compas_real,51,6172,3949,988,1235,5,0.00032388663967611336,EMDT,0.08067209999717306,OPTIMAL,1295.0,1295.0,0.0,0.0,0.052023700000000006,20.0,20.0,0,0.0,319.9765625,0.6680161943319838,0.3319838056680162,0.33198380566801616,0.47686832740213525,0.21099554234769688,2.80633272170607,0.6560680651250839,0.0,0.0,0.0,0.0,0.6720688781970119
compas_real,51,6172,3949,988,1235,5,0.00032388663967611336,EMDT-Cell,0.08400269999401644,OPTIMAL,1281.0,1281.0,0.0,0.0,0.031169400000000003,20.0,20.0,20,0.0,320.1640625,0.676923076923077,0.3230769230769231,0.32307692307692315,0.398576512455516,0.2600297176820208,2.512941997641622,0.6706968849312316,0.0,0.0,0.0,0.0,0.6756140795138009
compas_real,51,6172,3949,988,1235,5,0.00032388663967611336,EMDT-Iso,0.0816698999988148,OPTIMAL,1295.0,1295.0,0.0,0.0,0.052023700000000006,20.0,20.0,0,0.0009978000016417354,319.9765625,0.6680161943319838,0.22185176185029462,0.010084965856345694,0.47686832740213525,0.21099554234769688,2.80633272170607,0.6560680651250839,0.0,0.0,0.0,0.0,0.6720688781970119
compas_real,51,6172,3949,988,1235,5,0.00032388663967611336,LGBM-Adv,0.032807199997478165,NA,,,,,,,,0,0.0,320.15234375,0.68582995951417,0.2095444631418106,0.036835751861598605,0.40747330960854095,0.2362555720653789,2.5098776921734625,0.72774214358611,0.0,0.0,0.0,0.0,0.6930868574322613
compas_real,51,6172,3949,988,1235,5,0.00032388663967611336,LGBM-Mono,0.02952039999945555,NA,,,,,,,,0,0.0,320.14453125,0.682591093117409,0.20924313555636326,0.02897465585322089,0.4110320284697509,0.23922734026745915,2.533614822883673,0.7294725904617874,0.0,0.0,0.0,0.0,0.6928336287667763
compas_real,51,6172,3949,988,1235,5,0.00032388663967611336,MonoRF,0.2648966999986442,NA,,,,,,,,0,0.0,320.1640625,0.6510121457489878,0.22107436428475732,0.056457267831803506,0.5640569395017794,0.16939078751857356,3.159066272546044,0.7127881213877418,0.0,0.0,0.0,0.0,0.6733350215244366
compas_real,51,6172,3949,988,1235,5,0.00032388663967611336,MonoScore,0.006278099986957386,NA,,,,,,,,0,0.0,320.15234375,0.6615384615384615,0.21575430009181235,0.056200028559252754,0.5355871886120996,0.1738484398216939,3.0256328227038862,0.7266396281588257,0.0,0.0,0.0,0.0,0.6816915674854394
compas_real,51,6172,3949,988,1235,5,0.00032388663967611336,MonoXGB1,0.002881099993828684,NA,,,,,,,,0,0.0,320.1640625,0.6453441295546559,0.2165197730064392,0.011601396574665187,0.6316725978647687,0.12332838038632987,3.4050197500965034,0.7011244599789543,0.0,0.0,0.0,0.0,0.6667510762218283
compas_real,51,6172,3949,988,1235,5,0.00032388663967611336,ODT,0.0695728999999119,OPTIMAL,1281.0,1281.0,0.0,0.0,0.0388277,20.0,20.0,0,0.0,319.45703125,0.676923076923077,0.3230769230769231,0.32307692307692315,0.398576512455516,0.2600297176820208,2.512941997641622,0.6706968849312316,0.0,0.0,0.0,0.0,0.6756140795138009
compas_real,51,6172,3949,988,1235,5,0.00032388663967611336,XGB-Mono,0.06367790000513196,NA,,,,,,,,0,0.0,320.14453125,0.6793522267206478,0.20972371101379395,0.025109573477042117,0.42170818505338076,0.2362555720653789,2.5810520693976615,0.7285022711289018,0.0,0.0,0.0,0.0,0.6920739427703216
german_real,42,1000,640,160,200,5,0.002,CART,0.00360250000085216,NA,,,,,,,,0,0.0,186.04296875,0.705,0.2123490804596985,0.07286933242196408,0.8,0.07857142857142857,4.1571428571428575,0.5254166666666666,0.099,0.041474314574314566,0.018,0.004967243867243866,0.740625
german_real,42,1000,640,160,200,5,0.002,EMDT,30.3484507999965,FEASIBLE,182.0,66.0,0.6373626373626373,0.6373626373626373,30.0092971,449.0,18.0,0,0.0,227.01953125,0.705,0.295,0.29500000000000004,0.9166666666666666,0.02857142857142857,4.64047619047619,0.5273809523809524,0.0,0.0,0.0,0.0,0.715625
german_real,42,1000,640,160,200,5,0.002,EMDT-Cell,32.13817849999759,FEASIBLE,181.0,66.0,0.6353591160220995,0.6353591160220995,30.018614200000002,449.0,18.0,2000,0.0,307.52734375,0.71,0.29,0.29,0.8833333333333333,0.03571428571428571,4.488095238095237,0.5404761904761906,0.0,0.0,0.0,0.0,0.7171875
german_real,42,1000,640,160,200,5,0.002,EMDT-Iso,30.351026199990883,FEASIBLE,182.0,66.0,0.6373626373626373,0.6373626373626373,30.0092971,449.0,18.0,0,0.0025753999943844974,227.01953125,0.705,0.2075701358127568,0.014370860927152257,0.9166666666666666,0.02857142857142857,4.64047619047619,0.5273809523809524,0.0,0.0,0.0,0.0,0.715625
german_real,42,1000,640,160,200,5,0.002,LGBM-Adv,0.01644930000475142,NA,,,,,,,,0,0.0,423.33984375,0.725,0.19254139769668804,0.04640765298890031,0.75,0.07142857142857142,3.892857142857143,0.654702380952381,0.0,0.0,0.0,0.0,0.73125
german_real,42,1000,640,160,200,5,0.002,LGBM-Mono,0.027349299998604693,NA,,,,,,,,0,0.0,423.01953125,0.715,0.19568480081590856,0.034554902895016885,0.75,0.08571428571428572,3.9214285714285713,0.6514880952380951,0.0,0.0,0.0,0.0,0.728125
german_real,42,1000,640,160,200,5,0.002,MonoRF,0.20977610000409186,NA,,,,,,,,0,0.0,420.5078125,0.71,0.19593086081662597,0.039550638664732074,0.95,0.007142857142857143,4.764285714285714,0.6601190476190476,0.0,0.0,0.0,0.0,0.7171875
german_real,42,1000,640,160,200,5,0.002,MonoScore,0.008069600007729605,NA,,,,,,,,0,0.0,423.56640625,0.71,0.19839684018731452,0.024018431088239006,0.9333333333333333,0.014285714285714285,4.695238095238095,0.6433333333333333,0.0,0.0,0.0,0.0,0.7125
german_real,42,1000,640,160,200,5,0.002,MonoXGB1,0.14082349999807775,NA,,,,,,,,0,0.0,419.57421875,0.7,0.20960773527622223,0.061607816964387864,0.8166666666666667,0.07857142857142857,4.2404761904761905,0.5591071428571428,0.0,0.0,0.0,0.0,0.7265625
german_real,42,1000,640,160,200,5,0.002,ODT,30.376745200002915,FEASIBLE,177.0,66.0,0.6271186440677966,0.6271186440677966,30.0056665,449.0,18.0,0,0.0,208.80859375,0.67,0.33,0.33000000000000007,0.8666666666666667,0.1,4.533333333333334,0.5166666666666666,0.2345,0.2345,0.0385,0.0385,0.7234375
german_real,42,1000,640,160,200,5,0.002,XGB-Mono,0.028826900001149625,NA,,,,,,,,0,0.0,421.41796875,0.7,0.19791260361671448,0.0684239112213254,0.8,0.08571428571428572,4.171428571428572,0.6482142857142857,0.0,0.0,0.0,0.0,0.734375
german_real,43,1000,640,160,200,5,0.001,CART,0.001051500003086403,NA,,,,,,,,0,0.0,317.62890625,0.695,0.2087062805155223,0.04070527687968663,0.95,0.02857142857142857,4.807142857142857,0.5891666666666667,0.12,0.039366738227306096,0.008,0.0030403339054454674,0.740625
german_real,43,1000,640,160,200,5,0.001,EMDT,4.21009240001149,OPTIMAL,181.0,181.0,0.0,0.0,3.7743398000000004,449.0,18.0,0,0.0,342.21875,0.71,0.29,0.29,0.9333333333333333,0.014285714285714285,4.695238095238095,0.5261904761904762,0.0,0.0,0.0,0.0,0.7171875
german_real,43,1000,640,160,200,5,0.001,EMDT-Cell,32.49926259998756,FEASIBLE,187.0,58.0,0.6898395721925134,0.6898395721925134,30.019154500000003,449.0,18.0,2000,0.0,426.03125,0.72,0.28,0.27999999999999997,0.7666666666666667,0.07142857142857142,3.9761904761904763,0.5809523809523809,0.0,0.0,0.0,0.0,0.7078125
german_real,43,1000,640,160,200,5,0.001,EMDT-Iso,4.210779300003196,OPTIMAL,181.0,181.0,0.0,0.0,3.7743398000000004,449.0,18.0,0,0.0006868999917060137,342.21875,0.7,0.20668746837578006,0.008441558441558507,1.0,0.0,5.0,0.5261904761904762,0.0,0.0,0.0,0.0,0.7
german_real,43,1000,640,160,200,5,0.001,LGBM-Adv,0.01577980000001844,NA,,,,,,,,0,0.0,428.8359375,0.725,0.20460381297572985,0.07556305307228964,0.7666666666666667,0.06428571428571428,3.961904761904762,0.6022619047619048,0.0,0.0,0.0,0.0,0.7359375
german_real,43,1000,640,160,200,5,0.001,LGBM-Mono,0.012749599991366267,NA,,,,,,,,0,0.0,428.578125,0.725,0.2065897384714493,0.094393174766917,0.7333333333333333,0.07857142857142857,3.8238095238095235,0.6105952380952381,0.0,0.0,0.0,0.0,0.7296875
german_real,43,1000,640,160,200,5,0.001,MonoRF,0.2006000999972457,NA,,,,,,,,0,0.0,426.6875,0.705,0.20012913236493496,0.03647559768820612,0.95,0.014285714285714285,4.7785714285714285,0.6196428571428572,0.0,0.0,0.0,0.0,0.725
german_real,43,1000,640,160,200,5,0.001,MonoScore,0.0018460999999660999,NA,,,,,,,,0,0.0,428.84375,0.7,0.20082613870835778,0.044069347670716456,0.9166666666666666,0.03571428571428571,4.654761904761904,0.6115476190476189,0.0,0.0,0.0,0.0,0.7203125
german_real,43,1000,640,160,200,5,0.001,MonoXGB1,0.001938400004291907,NA,,,,,,,,0,0.0,426.58984375,0.69,0.21791541576385498,0.0762002632021904,0.95,0.03571428571428571,4.821428571428571,0.5411904761904762,0.0,0.0,0.0,0.0,0.725
german_real,43,1000,640,160,200,5,0.001,ODT,30.479096199997002,FEASIBLE,175.0,57.0,0.6742857142857143,0.6742857142857143,30.0083291,449.0,18.0,0,0.0,325.140625,0.715,0.285,0.285,0.8166666666666667,0.05714285714285714,4.197619047619047,0.5630952380952381,0.006,0.006,0.008,0.008,0.7265625
german_real,43,1000,640,160,200,5,0.001,XGB-Mono,0.021909100003540516,NA,,,,,,,,0,0.0,427.91015625,0.715,0.20580317080020905,0.09056388890370728,0.7666666666666667,0.07857142857142857,3.9904761904761905,0.6164880952380952,0.0,0.0,0.0,0.0,0.7375
german_real,44,1000,640,160,200,5,0.001,CART,0.001061399991158396,NA,,,,,,,,0,0.0,318.7109375,0.705,0.20949174382434171,0.08512831578175022,0.7666666666666667,0.09285714285714286,4.019047619047619,0.6039285714285715,0.293,0.11137835174415235,0.029,0.00958999772157667,0.7375
german_real,44,1000,640,160,200,5,0.001,EMDT,4.014696299986099,OPTIMAL,183.0,183.0,0.0,0.0,3.5349798000000003,438.0,18.0,0,0.0,340.78515625,0.725,0.275,0.275,0.8833333333333333,0.014285714285714285,4.4452380952380945,0.5511904761904762,0.0,0.0,0.0,0.0,0.7140625
german_real,44,1000,640,160,200,5,0.001,EMDT-Cell,32.52173340000445,FEASIBLE,183.0,61.0,0.6666666666666666,0.6666666666666666,30.023673400000003,438.0,18.0,2000,0.0,420.265625,0.725,0.275,0.275,0.8833333333333333,0.014285714285714285,4.4452380952380945,0.5511904761904762,0.0,0.0,0.0,0.0,0.7140625
german_real,44,1000,640,160,200,5,0.001,EMDT-Iso,4.015350399975432,OPTIMAL,183.0,183.0,0.0,0.0,3.5349798000000003,438.0,18.0,0,0.00065409998933319,340.78515625,0.7,0.20853500577460055,0.03960264900662279,1.0,0.0,5.0,0.5511904761904762,0.0,0.0,0.0,0.0,0.7
german_real,44,1000,640,160,200,5,0.001,LGBM-Adv,0.013153499996406026,NA,,,,,,,,0,0.0,422.6875,0.745,0.19732153939229607,0.08953157004158743,0.7333333333333333,0.05,3.7666666666666666,0.6233333333333334,0.0,0.0,0.0,0.0,0.7359375
german_real,44,1000,640,160,200,5,0.001,LGBM-Mono,0.0126105999952415,NA,,,,,,,,0,0.0,422.66015625,0.745,0.20258318075747433,0.10450575202712087,0.7,0.06428571428571428,3.6285714285714286,0.609404761904762,0.0,0.0,0.0,0.0,0.7375
german_real,44,1000,640,160,200,5,0.001,MonoRF,0.21135949999734294,NA,,,,,,,,0,0.0,420.921875,0.72,0.19838603839701538,0.06879857119635423,0.9,0.014285714285714285,4.5285714285714285,0.6113095238095237,0.0,0.0,0.0,0.0,0.71875
german_real,44,1000,640,160,200,5,0.001,MonoScore,0.0018348000012338161,NA,,,,,,,,0,0.0,422.69140625,0.72,0.20315904919764616,0.08471564492702485,0.8666666666666667,0.02857142857142857,4.390476190476191,0.5838095238095239,0.0,0.0,0.0,0.0,0.7203125
german_real,44,1000,640,160,200,5,0.001,MonoXGB1,0.0019534000020939857,NA,,,,,,,,0,0.0,420.82421875,0.69,0.21586865186691284,0.09693099170923232,0.9333333333333333,0.04285714285714286,4.752380952380952,0.5748809523809523,0.0,0.0,0.0,0.0,0.7203125
german_real,44,1000,640,160,200,5,0.001,ODT,30.70811870000034,FEASIBLE,176.0,61.0,0.6534090909090909,0.6534090909090909,30.261304900000003,438.0,18.0,0,0.0,324.36328125,0.72,0.28,0.28,0.8,0.05714285714285714,4.114285714285714,0.5714285714285714,0.3875,0.3875,0.0235,0.0235,0.725
german_real,44,1000,640,160,200,5,0.001,XGB-Mono,0.02608309999050107,NA,,,,,,,,0,0.0,422.078125,0.715,0.2081024944782257,0.09835201233625412,0.75,0.08571428571428572,3.9214285714285713,0.599702380952381,0.0,0.0,0.0,0.0,0.728125
german_real,45,1000,640,160,200,5,0.0,CART,0.0009852000075625256,NA,,,,,,,,0,0.0,318.828125,0.725,0.2003491592864879,0.05209547325359007,0.7666666666666667,0.06428571428571428,3.961904761904762,0.6304761904761905,0.2395,0.05404195220523634,0.083,0.013061517724876062,0.7203125
german_real,45,1000,640,160,200,5,0.0,EMDT,3.848934499997995,OPTIMAL,180.0,180.0,0.0,0.0,3.4257253000000003,441.0,18.0,0,0.0,340.56640625,0.69,0.31,0.31,0.85,0.07857142857142857,4.4071428571428575,0.5357142857142857,0.0,0.0,0.0,0.0,0.71875
german_real,45,1000,640,160,200,5,0.0,EMDT-Cell,32.476170800000546,FEASIBLE,176.0,60.0,0.6590909090909091,0.6590909090909091,30.022346000000002,441.0,18.0,2000,0.0,421.14453125,0.7,0.3,0.29999999999999993,0.8833333333333333,0.05,4.516666666666666,0.5333333333333333,0.0,0.0,0.0,0.0,0.725
german_real,45,1000,640,160,200,5,0.0,EMDT-Iso,3.8496078999887686,OPTIMAL,180.0,180.0,0.0,0.0,3.4257253000000003,441.0,18.0,0,0.0006733999907737598,340.56640625,0.69,0.20890625,0.022500000000000166,0.85,0.07857142857142857,4.4071428571428575,0.5357142857142857,0.0,0.0,0.0,0.0,0.71875
german_real,45,1000,640,160,200,5,0.0,LGBM-Adv,0.014918199987732805,NA,,,,,,,,0,0.0,423.59765625,0.73,0.19608998343072515,0.05216055311827398,0.7833333333333333,0.05,4.016666666666667,0.6492857142857144,0.0,0.0,0.0,0.0,0.734375
german_real,45,1000,640,160,200,5,0.0,LGBM-Mono,0.012026700002024882,NA,,,,,,,,0,0.0,423.30859375,0.71,0.1957167200431536,0.04423053069628238,0.7833333333333333,0.07857142857142857,4.0738095238095235,0.6604761904761904,0.0,0.0,0.0,0.0,0.734375
german_real,45,1000,640,160,200,5,0.0,MonoRF,0.21210059999430086,NA,,,,,,,,0,0.0,421.75,0.71,0.19576728306466337,0.028491318220563243,0.95,0.007142857142857143,4.764285714285714,0.6571428571428571,0.0,0.0,0.0,0.0,0.7140625
german_real,45,1000,640,160,200,5,0.0,MonoScore,0.002858599997125566,NA,,,,,,,,0,0.0,423.6015625,0.715,0.19378134752393383,0.03836590706756891,0.9333333333333333,0.007142857142857143,4.680952380952381,0.6783333333333333,0.0,0.0,0.0,0.0,0.703125
german_real,45,1000,640,160,200,5,0.0,MonoXGB1,0.0020041999960085377,NA,,,,,,,,0,0.0,421.6640625,0.72,0.20282188057899475,0.04816733747720719,0.8833333333333333,0.02142857142857143,4.459523809523809,0.6054761904761906,0.0,0.0,0.0,0.0,0.71875
german_real,45,1000,640,160,200,5,0.0,ODT,30.345370000010007,FEASIBLE,171.0,60.0,0.6491228070175439,0.6491228070175439,29.911527500000002,441.0,18.0,0,0.0,326.51953125,0.67,0.33,0.32999999999999996,0.8166666666666667,0.12142857142857143,4.326190476190476,0.530952380952381,0.147,0.147,0.0345,0.0345,0.7328125
german_real,45,1000,640,160,200,5,0.0,XGB-Mono,0.022391499995137565,NA,,,,,,,,0,0.0,422.97265625,0.695,0.19646042585372925,0.07238090969622134,0.7833333333333333,0.1,4.116666666666666,0.6533333333333333,0.0,0.0,0.0,0.0,0.7390625
german_real,46,1000,640,160,200,5,0.0,CART,0.00119270000141114,NA,,,,,,,,0,0.0,318.5,0.705,0.2032158727663428,0.0401352816926518,0.8666666666666667,0.05,4.433333333333334,0.6150000000000001,0.0835,0.04436225884735857,0.0215,0.003528368964989007,0.7296875
german_real,46,1000,640,160,200,5,0.0,EMDT,3.908043199990061,OPTIMAL,186.0,186.0,0.0,0.0,3.491251,454.0,18.0,0,0.0,340.9609375,0.67,0.33,0.32999999999999996,0.9666666666666667,0.05714285714285714,4.947619047619047,0.488095238095238,0.0,0.0,0.0,0.0,0.709375
german_real,46,1000,640,160,200,5,0.0,EMDT-Cell,32.58681609999621,FEASIBLE,184.0,63.0,0.657608695652174,0.657608695652174,30.0157817,454.0,18.0,2000,0.0,421.99609375,0.69,0.31,0.30999999999999994,0.9,0.05714285714285714,4.614285714285714,0.5214285714285714,0.0,0.0,0.0,0.0,0.7125
german_real,46,1000,640,160,200,5,0.0,EMDT-Iso,3.908776999989641,OPTIMAL,186.0,186.0,0.0,0.0,3.491251,454.0,18.0,0,0.0007337999995797873,340.9609375,0.67,0.23907745539950073,0.09350078492935605,0.9666666666666667,0.05714285714285714,4.947619047619047,0.488095238095238,0.0,0.0,0.0,0.0,0.709375
german_real,46,1000,640,160,200,5,0.0,LGBM-Adv,0.019718199997441843,NA,,,,,,,,0,0.0,424.75390625,0.725,0.19001609908758998,0.09291182209785019,0.8333333333333334,0.03571428571428571,4.238095238095238,0.6730357142857142,0.0,0.0,0.0,0.0,0.728125
german_real,46,1000,640,160,200,5,0.0,LGBM-Mono,0.012163599996711127,NA,,,,,,,,0,0.0,424.48046875,0.715,0.19361687333163816,0.08389175247054877,0.8166666666666667,0.05714285714285714,4.197619047619047,0.6645238095238095,0.0,0.0,0.0,0.0,0.721875
german_real,46,1000,640,160,200,5,0.0,MonoRF,0.2186076000070898,NA,,,,,,,,0,0.0,422.6328125,0.715,0.19540785038134842,0.03814394942962822,0.9333333333333333,0.007142857142857143,4.680952380952381,0.6557142857142856,0.0,0.0,0.0,0.0,0.7078125
german_real,46,1000,640,160,200,5,0.0,MonoScore,0.0024058999988483265,NA,,,,,,,,0,0.0,424.75390625,0.71,0.19918331874872536,0.05922931864616009,0.9333333333333333,0.014285714285714285,4.695238095238095,0.636547619047619,0.0,0.0,0.0,0.0,0.70625
german_real,46,1000,640,160,200,5,0.0,MonoXGB1,0.0020417000050656497,NA,,,,,,,,0,0.0,422.55078125,0.695,0.20665831863880157,0.0754290318489075,0.9,0.05,4.6,0.610297619047619,0.0,0.0,0.0,0.0,0.71875
german_real,46,1000,640,160,200,5,0.0,ODT,30.461985899994033,FEASIBLE,180.0,62.0,0.6555555555555556,0.6555555555555556,30.005187000000003,454.0,18.0,0,0.0,326.5,0.69,0.31,0.31,0.8333333333333334,0.08571428571428572,4.338095238095239,0.5404761904761904,0.0215,0.0215,0.016,0.016,0.71875
german_real,46,1000,640,160,200,5,0.0,XGB-Mono,0.02564719998918008,NA,,,,,,,,0,0.0,423.8515625,0.71,0.19626706838607788,0.07316892467439175,0.8,0.07142857142857142,4.142857142857143,0.6626785714285715,0.0,0.0,0.0,0.0,0.7234375
german_real,47,1000,640,160,200,5,0.0,CART,0.0008463999984087422,NA,,,,,,,,0,0.0,347.9140625,0.695,0.220200192714926,0.05487772676877722,0.9666666666666667,0.02142857142857143,4.876190476190476,0.5336904761904762,0.0245,0.008891896791565601,0.0005,0.00028346456692913383,0.7125
german_real,47,1000,640,160,200,5,0.0,EMDT,30.427854800000205,FEASIBLE,186.0,64.0,0.6559139784946236,0.6559139784946236,30.0098169,443.0,18.0,0,0.0,364.39453125,0.71,0.29,0.29000000000000004,0.8333333333333334,0.05714285714285714,4.280952380952381,0.5547619047619047,0.0,0.0,0.0,0.0,0.709375
german_real,47,1000,640,160,200,5,0.0,EMDT-Cell,32.58728040001006,FEASIBLE,191.0,64.0,0.6649214659685864,0.6649214659685864,30.025603,443.0,18.0,2000,0.0,429.40234375,0.71,0.29,0.29000000000000004,0.7666666666666667,0.08571428571428572,4.004761904761905,0.5738095238095238,0.0,0.0,0.0,0.0,0.7015625
german_real,47,1000,640,160,200,5,0.0,EMDT-Iso,30.42846389999613,FEASIBLE,186.0,64.0,0.6559139784946236,0.6559139784946236,30.0098169,443.0,18.0,0,0.0006090999959269539,364.39453125,0.71,0.20542044444444443,0.0142666666666668,0.8333333333333334,0.05714285714285714,4.280952380952381,0.5547619047619047,0.0,0.0,0.0,0.0,0.709375
german_real,47,1000,640,160,200,5,0.0,LGBM-Adv,0.01640160000533797,NA,,,,,,,,0,0.0,432.3125,0.74,0.20291981794294378,0.0925068499031319,0.75,0.05,3.85,0.6297619047619047,0.0,0.0,0.0,0.0,0.7140625
german_real,47,1000,640,160,200,5,0.0,LGBM-Mono,0.01190159999532625,NA,,,,,,,,0,0.0,431.9921875,0.695,0.20680147897301357,0.0919874869562247,0.7166666666666667,0.12857142857142856,3.8404761904761906,0.6193452380952381,0.0,0.0,0.0,0.0,0.7078125
german_real,47,1000,640,160,200,5,0.0,MonoRF,0.23195790000318084,NA,,,,,,,,0,0.0,430.07421875,0.695,0.2004005366619187,0.0645391607356539,0.9666666666666667,0.02142857142857143,4.876190476190476,0.6203571428571428,0.0,0.0,0.0,0.0,0.709375
german_real,47,1000,640,160,200,5,0.0,MonoScore,0.0013780000008409843,NA,,,,,,,,0,0.0,432.3125,0.725,0.20129312678922287,0.053655230239426976,0.8166666666666667,0.04285714285714286,4.1690476190476184,0.62,0.0,0.0,0.0,0.0,0.7046875
german_real,47,1000,640,160,200,5,0.0,MonoXGB1,0.002485799996065907,NA,,,,,,,,0,0.0,429.9921875,0.72,0.20241940021514893,0.04214704722166067,0.9166666666666666,0.007142857142857143,4.597619047619047,0.5721428571428572,0.0,0.0,0.0,0.0,0.7109375
german_real,47,1000,640,160,200,5,0.0,ODT,30.43212259998836,FEASIBLE,181.0,64.0,0.6464088397790055,0.6464088397790055,30.0126831,443.0,18.0,0,0.0,352.734375,0.7,0.3,0.29999999999999993,0.75,0.10714285714285714,3.9642857142857144,0.5714285714285714,0.0225,0.0225,0.0225,0.0225,0.7171875
german_real,47,1000,640,160,200,5,0.0,XGB-Mono,0.023910000003525056,NA,,,,,,,,0,0.0,431.30078125,0.71,0.21044763922691345,0.09852385235950353,0.7,0.11428571428571428,3.7285714285714286,0.620297619047619,0.0,0.0,0.0,0.0,0.71875
german_real,48,1000,640,160,200,5,0.0,CART,0.0008577999979024753,NA,,,,,,,,0,0.0,349.3671875,0.685,0.22375499718466266,0.08562144544607281,0.7833333333333333,0.11428571428571428,4.145238095238095,0.5499404761904763,0.177,0.043199226507228974,0.0605,0.011298734435599101,0.74375
german_real,48,1000,640,160,200,5,0.0,EMDT,3.9223827000096207,OPTIMAL,178.0,178.0,0.0,0.0,3.5101168,447.0,18.0,0,0.0,362.07421875,0.68,0.32,0.32,0.95,0.05,4.85,0.5,0.0,0.0,0.0,0.0,0.721875
german_real,48,1000,640,160,200,5,0.0,EMDT-Cell,32.49850709999737,FEASIBLE,178.0,64.0,0.6404494382022472,0.6404494382022472,30.019546000000002,447.0,18.0,2000,0.0,429.41796875,0.68,0.32,0.32,0.95,0.05,4.85,0.5,0.0,0.0,0.0,0.0,0.721875
german_real,48,1000,640,160,200,5,0.0,EMDT-Iso,3.9232692000077805,OPTIMAL,178.0,178.0,0.0,0.0,3.5101168,447.0,18.0,0,0.0008864999981597066,362.07421875,0.68,0.2155592105263158,0.03249999999999989,0.95,0.05,4.85,0.5,0.0,0.0,0.0,0.0,0.721875
german_real,48,1000,640,160,200,5,0.0,LGBM-Adv,0.01553319999948144,NA,,,,,,,,0,0.0,432.2890625,0.665,0.2141571968990145,0.07131446808630017,0.8666666666666667,0.10714285714285714,4.547619047619048,0.6251785714285715,0.0,0.0,0.0,0.0,0.7375
german_real,48,1000,640,160,200,5,0.0,LGBM-Mono,0.014516900002490729,NA,,,,,,,,0,0.0,432.0078125,0.655,0.21712477323157123,0.08233896695407707,0.8666666666666667,0.12142857142857143,4.576190476190477,0.6281547619047619,0.0,0.0,0.0,0.0,0.7375
german_real,48,1000,640,160,200,5,0.0,MonoRF,0.21212480000394862,NA,,,,,,,,0,0.0,430.01953125,0.705,0.20594581809915502,0.06592430027341269,0.9166666666666666,0.02857142857142857,4.64047619047619,0.6313095238095238,0.0,0.0,0.0,0.0,0.7296875
german_real,48,1000,640,160,200,5,0.0,MonoScore,0.0013368999934755266,NA,,,,,,,,0,0.0,432.296875,0.69,0.20796598029560476,0.07165343015943237,0.9166666666666666,0.05,4.683333333333333,0.6185714285714285,0.0,0.0,0.0,0.0,0.7140625
german_real,48,1000,640,160,200,5,0.0,MonoXGB1,0.001981100009288639,NA,,,,,,,,0,0.0,429.95703125,0.68,0.21613407135009766,0.05725849866867066,0.9166666666666666,0.06428571428571428,4.711904761904762,0.5813095238095238,0.0,0.0,0.0,0.0,0.73125
german_real,48,1000,640,160,200,5,0.0,ODT,30.42232359999616,FEASIBLE,174.0,64.0,0.632183908045977,0.632183908045977,30.005717800000003,447.0,18.0,0,0.0,354.85546875,0.68,0.32,0.31999999999999995,0.9333333333333333,0.05714285714285714,4.780952380952381,0.5047619047619047,0.033,0.033,0.021,0.021,0.728125
german_real,48,1000,640,160,200,5,0.0,XGB-Mono,0.022235700002056547,NA,,,,,,,,0,0.0,431.2578125,0.685,0.21480947732925415,0.0766259157657623,0.8333333333333334,0.09285714285714286,4.352380952380953,0.6323214285714286,0.0,0.0,0.0,0.0,0.74375
german_real,49,1000,640,160,200,5,0.0,CART,0.0008032000041566789,NA,,,,,,,,0,0.0,348.01953125,0.685,0.22514573442515293,0.06860195360195367,0.9833333333333333,0.02857142857142857,4.973809523809523,0.5272619047619047,0.042,0.014094093406593408,0.0075,0.004143543956043956,0.7328125
german_real,49,1000,640,160,200,5,0.0,EMDT,3.8908882000105223,OPTIMAL,173.0,173.0,0.0,0.0,3.5025301000000004,434.0,18.0,0,0.0,362.80078125,0.675,0.325,0.325,0.95,0.05714285714285714,4.864285714285714,0.49642857142857144,0.0,0.0,0.0,0.0,0.7296875
german_real,49,1000,640,160,200,5,0.0,EMDT-Cell,32.47245310001017,FEASIBLE,173.0,58.0,0.6647398843930635,0.6647398843930635,30.0175467,434.0,18.0,2000,0.0,427.24609375,0.675,0.325,0.325,0.95,0.05714285714285714,4.864285714285714,0.49642857142857144,0.0,0.0,0.0,0.0,0.7296875
german_real,49,1000,640,160,200,5,0.0,EMDT-Iso,3.891627500008326,OPTIMAL,173.0,173.0,0.0,0.0,3.5025301000000004,434.0,18.0,0,0.0007392999978037551,362.80078125,0.675,0.2230886426592798,0.050131578947368485,0.95,0.05714285714285714,4.864285714285714,0.49642857142857144,0.0,0.0,0.0,0.0,0.7296875
german_real,49,1000,640,160,200,5,0.0,LGBM-Adv,0.014830200001597404,NA,,,,,,,,0,0.0,429.98046875,0.68,0.21773046804747337,0.08986732602393502,0.8833333333333333,0.07857142857142857,4.5738095238095235,0.596845238095238,0.0,0.0,0.0,0.0,0.7421875
german_real,49,1000,640,160,200,5,0.0,LGBM-Mono,0.012892200000351295,NA,,,,,,,,0,0.0,429.671875,0.685,0.22217257015448313,0.11852979578637,0.8333333333333334,0.09285714285714286,4.352380952380953,0.5932738095238095,0.0,0.0,0.0,0.0,0.7375
german_real,49,1000,640,160,200,5,0.0,MonoRF,0.24191710000741296,NA,,,,,,,,0,0.0,427.85546875,0.69,0.2100700691259979,0.048969265456702896,0.9666666666666667,0.02857142857142857,4.89047619047619,0.5890476190476192,0.0,0.0,0.0,0.0,0.7296875
german_real,49,1000,640,160,200,5,0.0,MonoScore,0.002035299999988638,NA,,,,,,,,0,0.0,429.98828125,0.69,0.21069077881097095,0.055048277692854905,0.9833333333333333,0.02142857142857143,4.959523809523809,0.580595238095238,0.0,0.0,0.0,0.0,0.721875
german_real,49,1000,640,160,200,5,0.0,MonoXGB1,0.00243499998759944,NA,,,,,,,,0,0.0,427.79296875,0.665,0.22303491830825806,0.07932254530489447,0.95,0.07142857142857142,4.892857142857143,0.5516666666666666,0.0,0.0,0.0,0.0,0.7265625
german_real,49,1000,640,160,200,5,0.0,ODT,30.42958739999449,FEASIBLE,171.0,58.0,0.6608187134502924,0.6608187134502924,30.0065309,434.0,18.0,0,0.0,348.828125,0.69,0.31,0.31000000000000005,0.9666666666666667,0.02857142857142857,4.89047619047619,0.5023809523809524,0.0575,0.0575,0.0125,0.0125,0.7328125
german_real,49,1000,640,160,200,5,0.0,XGB-Mono,0.0229782999958843,NA,,,,,,,,0,0.0,429.0703125,0.665,0.22349978983402252,0.09696863066405058,0.8,0.1357142857142857,4.271428571428571,0.5926190476190475,0.0,0.0,0.0,0.0,0.7484375
german_real,50,1000,640,160,200,5,0.002,CART,0.0008322999929077923,NA,,,,,,,,0,0.0,349.0859375,0.725,0.20307549036199635,0.03663217498103542,0.8333333333333334,0.03571428571428571,4.238095238095238,0.5843452380952381,0.1885,0.06630008488964347,0.0265,0.012837011884550087,0.7359375
german_real,50,1000,640,160,200,5,0.002,EMDT,3.7468971999915084,OPTIMAL,182.0,182.0,0.0,0.0,3.3496166,432.0,18.0,0,0.0,363.484375,0.66,0.34,0.34,0.9333333333333333,0.08571428571428572,4.838095238095239,0.4904761904761904,0.0,0.0,0.0,0.0,0.715625
german_real,50,1000,640,160,200,5,0.002,EMDT-Cell,32.52527299999201,FEASIBLE,182.0,66.0,0.6373626373626373,0.6373626373626373,30.018313300000003,432.0,18.0,2000,0.0,425.63671875,0.72,0.28,0.27999999999999997,0.8666666666666667,0.02857142857142857,4.390476190476191,0.5523809523809524,0.0,0.0,0.0,0.0,0.715625
german_real,50,1000,640,160,200,5,0.002,EMDT-Iso,3.7477269999944838,OPTIMAL,182.0,182.0,0.0,0.0,3.3496166,432.0,18.0,0,0.0008298000029753894,363.484375,0.7,0.21038389741092445,0.013153153153153109,1.0,0.0,5.0,0.4904761904761904,0.0,0.0,0.0,0.0,0.7
german_real,50,1000,640,160,200,5,0.002,LGBM-Adv,0.016616099994280376,NA,,,,,,,,0,0.0,428.5078125,0.71,0.1993900208971262,0.05371095125083834,0.7666666666666667,0.08571428571428572,4.004761904761905,0.6456547619047619,0.0,0.0,0.0,0.0,0.728125
german_real,50,1000,640,160,200,5,0.002,LGBM-Mono,0.014958100000512786,NA,,,,,,,,0,0.0,428.2265625,0.72,0.19877838317759725,0.05902179521217488,0.7166666666666667,0.09285714285714286,3.769047619047619,0.6541071428571428,0.0,0.0,0.0,0.0,0.71875
german_real,50,1000,640,160,200,5,0.002,MonoRF,0.21285330000682734,NA,,,,,,,,0,0.0,426.22265625,0.71,0.19747407714150378,0.05193151810395075,0.95,0.007142857142857143,4.764285714285714,0.6491666666666667,0.0,0.0,0.0,0.0,0.71875
german_real,50,1000,640,160,200,5,0.002,MonoScore,0.0015729000006103888,NA,,,,,,,,0,0.0,428.5078125,0.72,0.19808322084605534,0.05107682934651259,0.9,0.014285714285714285,4.5285714285714285,0.6336904761904762,0.0,0.0,0.0,0.0,0.7078125
german_real,50,1000,640,160,200,5,0.002,MonoXGB1,0.002137200004654005,NA,,,,,,,,0,0.0,426.16796875,0.72,0.2031019628047943,0.058384483456611624,0.8666666666666667,0.02857142857142857,4.390476190476191,0.620654761904762,0.0,0.0,0.0,0.0,0.7203125
german_real,50,1000,640,160,200,5,0.002,ODT,30.474945499998285,FEASIBLE,176.0,65.0,0.6306818181818182,0.6306818181818182,30.0629603,432.0,18.0,0,0.0,355.62890625,0.685,0.315,0.31499999999999995,0.9333333333333333,0.05,4.766666666666667,0.5083333333333333,0.081,0.081,0.018,0.018,0.725
german_real,50,1000,640,160,200,5,0.002,XGB-Mono,0.022769299990613945,NA,,,,,,,,0,0.0,427.50390625,0.705,0.1972641497850418,0.09147996116429566,0.7,0.12142857142857143,3.742857142857143,0.6591666666666667,0.0,0.0,0.0,0.0,0.721875
german_real,51,1000,640,160,200,5,0.0,CART,0.0009148999961325899,NA,,,,,,,,0,0.0,353.33203125,0.695,0.20669372848950424,0.04041129455942264,0.9,0.05,4.6,0.6272023809523808,0.3055,0.12924097988384478,0.0165,0.006447368421052631,0.7390625
german_real,51,1000,640,160,200,5,0.0,EMDT,4.088825800004997,OPTIMAL,185.0,185.0,0.0,0.0,3.6169395000000004,442.0,18.0,0,0.0,419.40234375,0.71,0.29,0.29,0.9333333333333333,0.014285714285714285,4.695238095238095,0.5261904761904762,0.0,0.0,0.0,0.0,0.7109375
german_real,51,1000,640,160,200,5,0.0,EMDT-Cell,32.61743349999597,FEASIBLE,185.0,73.0,0.6054054054054054,0.6054054054054054,30.0149864,442.0,18.0,2000,0.0,432.859375,0.71,0.29,0.29,0.9333333333333333,0.014285714285714285,4.695238095238095,0.5261904761904762,0.0,0.0,0.0,0.0,0.7109375
german_real,51,1000,640,160,200,5,0.0,EMDT-Iso,4.08949090000533,OPTIMAL,185.0,185.0,0.0,0.0,3.6169395000000004,442.0,18.0,0,0.000665100000333041,419.40234375,0.71,0.20619806094182827,0.014473684210526317,0.9333333333333333,0.014285714285714285,4.695238095238095,0.5261904761904762,0.0,0.0,0.0,0.0,0.7109375
german_real,51,1000,640,160,200,5,0.0,LGBM-Adv,0.012331999998423271,NA,,,,,,,,0,0.0,435.5546875,0.715,0.18900184704830142,0.05574711575161082,0.8333333333333334,0.05,4.266666666666667,0.6969642857142857,0.0,0.0,0.0,0.0,0.73125
german_real,51,1000,640,160,200,5,0.0,LGBM-Mono,0.01138179999543354,NA,,,,,,,,0,0.0,435.25390625,0.72,0.1871059400069506,0.0496575602139568,0.7833333333333333,0.06428571428571428,4.045238095238095,0.700595238095238,0.0,0.0,0.0,0.0,0.728125
german_real,51,1000,640,160,200,5,0.0,MonoRF,0.17001029998937156,NA,,,,,,,,0,0.0,433.4609375,0.715,0.19382903159487494,0.052425141172626186,0.9333333333333333,0.007142857142857143,4.680952380952381,0.6838095238095238,0.0,0.0,0.0,0.0,0.7140625
german_real,51,1000,640,160,200,5,0.0,MonoScore,0.001537899996037595,NA,,,,,,,,0,0.0,435.5546875,0.72,0.19653067069521651,0.045775998066268614,0.8833333333333333,0.02142857142857143,4.459523809523809,0.6547619047619048,0.0,0.0,0.0,0.0,0.7109375
german_real,51,1000,640,160,200,5,0.0,MonoXGB1,0.0016542999946977943,NA,,,,,,,,0,0.0,433.3984375,0.7,0.19761264324188232,0.052988319694995914,0.95,0.02142857142857143,4.792857142857143,0.6562499999999999,0.0,0.0,0.0,0.0,0.7203125
german_real,51,1000,640,160,200,5,0.0,ODT,30.461082299996633,FEASIBLE,181.0,72.0,0.6022099447513812,0.6022099447513812,30.006170500000003,442.0,18.0,0,0.0,360.19140625,0.695,0.305,0.305,0.9333333333333333,0.03571428571428571,4.738095238095238,0.5154761904761904,0.0,0.0,0.008,0.008,0.7171875
german_real,51,1000,640,160,200,5,0.0,XGB-Mono,0.019765700009884313,NA,,,,,,,,0,0.0,434.671875,0.72,0.18615005910396576,0.05820319736376404,0.7833333333333333,0.06428571428571428,4.045238095238095,0.7067857142857144,0.0,0.0,0.0,0.0,0.7375
