Depth,Runtime,TrainAcc
2,0.5304932594299316,0.7566666666666667
3,2.709764242172241,0.7933333333333333
4,56.24488973617554,0.81
