N,time_mean,time_std
100,3.139268922805786,1.9810284791870565
200,5.8785491466522215,2.6427555274209054
300,9.77944211959839,5.927897162857249
400,11.789452028274535,4.042350229939232
