Method,AccuracyMean,AccuracyStd,ViolMean,ViolMax,Runs
CART,0.7183333333333334,0.05955078753716273,5.6,34,10
EMDT,0.7233333333333334,0.059938239818938574,0.0,0,10
