Dataset,Noise,CART_acc_mean,CART_acc_std,CART_viol_mean,EMDT_acc_mean,EMDT_acc_std,EMDT_viol_mean,EMDT_time_mean
Linear,0.1,0.6233333333333333,0.061564842930502725,2.7666666666666666,0.6425,0.07909782245575019,0.0,7.7803013245264685
Linear,0.25,0.575,0.08407714027749386,11.9,0.5975,0.07172444877253598,0.0,13.066489577293396
Polynomial,0.1,0.6066666666666667,0.08558453507309696,8.6,0.635,0.0764514720996718,0.0,10.102168107032776
Polynomial,0.25,0.5458333333333333,0.06401889986738203,17.1,0.5825,0.060582659405886564,0.0,14.339142926534016
