Dataset,Noise,CART_acc_mean,CART_acc_std,EMDT_acc_mean,EMDT_acc_std,CART_time_mean,EMDT_time_mean
Linear,0.1,0.6233333333333333,0.061564842930502725,0.6466666666666666,0.08006821804080494,0.0008851051330566406,11.089433526992797
Linear,0.25,0.575,0.08407714027749386,0.5916666666666667,0.06641475393487417,0.0013707876205444336,15.007466379801432
Polynomial,0.1,0.6066666666666667,0.08558453507309696,0.6316666666666666,0.07219864041767628,0.0017157554626464843,14.079871010780334
Polynomial,0.25,0.5458333333333333,0.06401889986738203,0.5791666666666667,0.06502099572490007,0.0016057888666788738,15.141090973218281
XOR,0.1,0.6241666666666668,0.1572231191504681,0.6433333333333333,0.06725316725439127,0.0012997150421142577,15.048870929082234
XOR,0.25,0.5791666666666667,0.09849805996105689,0.5575,0.06795980049086828,0.0018808841705322266,15.37107310295105
